INSERT INTO `cow_accounts_record` VALUES('2651','-1.00','0.00','0.00','0','0','0','0','0','0','0','1','5','房间号：494354消费,房主支付','ZBYfxPnjyN','177','SYSTEM','1505979647','a:1:{s:5:\"money\";d:989;}');
INSERT INTO `cow_accounts_record` VALUES('2652','-1.00','0.00','0.00','0','0','0','0','0','0','0','1','5','房间号：494354消费,房主支付','ZBYfxPnjyN','177','SYSTEM','1505979647','a:1:{s:5:\"money\";d:988;}');
INSERT INTO `cow_accounts_record` VALUES('2653','1000.00','0.00','0.00','0','0','0','0','0','0','0','0','0','','swBrJPviVU','209','admin','1505982746','a:1:{s:5:\"money\";d:1000;}');
INSERT INTO `cow_accounts_record` VALUES('2654','-1.00','0.00','0.00','0','0','0','0','0','0','0','1','5','房间号：832591消费,房主支付','dOaZUhCBED','182','SYSTEM','1505983670','a:1:{s:5:\"money\";d:998;}');
INSERT INTO `cow_accounts_record` VALUES('2655','1000.00','0.00','0.00','0','0','0','0','0','0','0','0','0','','VHLsxFQDdC','188','admin','1506002657','a:1:{s:5:\"money\";d:1000;}');
INSERT INTO `cow_accounts_record` VALUES('2656','111.00','112.00','114.00','113','115','0','0','0','0','0','6','0','注册赠送','ZUghLaunTM','214','系统','1506045054','a:6:{s:4:\"open\";i:1;s:5:\"money\";d:111;s:6:\"amount\";d:112;s:13:\"promote_point\";i:113;s:5:\"point\";d:114;s:6:\"point1\";d:115;}');
INSERT INTO `cow_accounts_record` VALUES('2657','111.00','112.00','114.00','113','115','0','0','0','0','0','6','0','注册赠送','qbkrhPxVds','215','系统','1506047084','a:6:{s:4:\"open\";i:1;s:5:\"money\";d:111;s:6:\"amount\";d:112;s:13:\"promote_point\";i:113;s:5:\"point\";d:114;s:6:\"point1\";d:115;}');
INSERT INTO `cow_accounts_record` VALUES('2658','111.00','112.00','114.00','113','115','0','0','0','0','0','6','0','注册赠送','zXbuptwMVq','216','系统','1506047132','a:6:{s:4:\"open\";i:1;s:5:\"money\";d:111;s:6:\"amount\";d:112;s:13:\"promote_point\";i:113;s:5:\"point\";d:114;s:6:\"point1\";d:115;}');
INSERT INTO `cow_accounts_record` VALUES('2659','111.00','112.00','114.00','113','115','0','0','0','0','0','6','0','注册赠送','ARNkMxpaOZ','217','系统','1506047511','a:6:{s:4:\"open\";i:1;s:5:\"money\";d:111;s:6:\"amount\";d:112;s:13:\"promote_point\";i:113;s:5:\"point\";d:114;s:6:\"point1\";d:115;}');
INSERT INTO `cow_accounts_record` VALUES('2660','111.00','112.00','114.00','113','115','0','0','0','0','0','6','0','注册赠送','AsHXxnuCQb','218','系统','1506047727','a:6:{s:4:\"open\";i:1;s:5:\"money\";d:111;s:6:\"amount\";d:112;s:13:\"promote_point\";i:113;s:5:\"point\";d:114;s:6:\"point1\";d:115;}');
INSERT INTO `cow_accounts_record` VALUES('2661','111.00','112.00','114.00','113','115','0','0','0','0','0','6','0','注册赠送','mchtuqVYJl','219','系统','1506058352','a:6:{s:4:\"open\";i:1;s:5:\"money\";d:111;s:6:\"amount\";d:112;s:13:\"promote_point\";i:113;s:5:\"point\";d:114;s:6:\"point1\";d:115;}');
INSERT INTO `cow_accounts_record` VALUES('2662','111.00','112.00','114.00','113','115','0','0','0','0','0','6','0','注册赠送','xZmgIUiRuM','220','系统','1506077666','a:6:{s:4:\"open\";i:1;s:5:\"money\";d:111;s:6:\"amount\";d:112;s:13:\"promote_point\";i:113;s:5:\"point\";d:114;s:6:\"point1\";d:115;}');
INSERT INTO `cow_accounts_record` VALUES('2663','111.00','112.00','114.00','113','115','0','0','0','0','0','6','0','注册赠送','wTdXPifglQ','221','系统','1506082170','a:6:{s:4:\"open\";i:1;s:5:\"money\";d:111;s:6:\"amount\";d:112;s:13:\"promote_point\";i:113;s:5:\"point\";d:114;s:6:\"point1\";d:115;}');
INSERT INTO `cow_accounts_record` VALUES('2664','111.00','112.00','114.00','113','115','0','0','0','0','0','6','0','注册赠送','MhYRojiXdy','222','系统','1506158646','a:6:{s:4:\"open\";i:1;s:5:\"money\";d:111;s:6:\"amount\";d:112;s:13:\"promote_point\";i:113;s:5:\"point\";d:114;s:6:\"point1\";d:115;}');
INSERT INTO `cow_accounts_record` VALUES('2665','111.00','112.00','114.00','113','115','0','0','0','0','0','6','0','注册赠送','PpkADlwLsR','223','系统','1506217187','a:6:{s:4:\"open\";i:1;s:5:\"money\";d:111;s:6:\"amount\";d:112;s:13:\"promote_point\";i:113;s:5:\"point\";d:114;s:6:\"point1\";d:115;}');
INSERT INTO `cow_accounts_record` VALUES('2666','111.00','112.00','114.00','113','115','0','0','0','0','0','6','0','注册赠送','PmRjgWUXYB','224','系统','1506257562','a:6:{s:4:\"open\";i:1;s:5:\"money\";d:111;s:6:\"amount\";d:112;s:13:\"promote_point\";i:113;s:5:\"point\";d:114;s:6:\"point1\";d:115;}');
INSERT INTO `cow_accounts_record` VALUES('2667','111.00','112.00','114.00','113','115','0','0','0','0','0','6','0','注册赠送','UDltXrGeOA','225','系统','1506300995','a:6:{s:4:\"open\";i:1;s:5:\"money\";d:111;s:6:\"amount\";d:112;s:13:\"promote_point\";i:113;s:5:\"point\";d:114;s:6:\"point1\";d:115;}');
INSERT INTO `cow_accounts_record` VALUES('2668','111.00','112.00','114.00','113','115','0','0','0','0','0','6','0','注册赠送','elWazHZqAJ','226','系统','1506308389','a:6:{s:4:\"open\";i:1;s:5:\"money\";d:111;s:6:\"amount\";d:112;s:13:\"promote_point\";i:113;s:5:\"point\";d:114;s:6:\"point1\";d:115;}');
INSERT INTO `cow_accounts_record` VALUES('2669','111.00','112.00','114.00','113','115','0','0','0','0','0','6','0','注册赠送','FzycWJZeTs','227','系统','1506308626','a:6:{s:4:\"open\";i:1;s:5:\"money\";d:111;s:6:\"amount\";d:112;s:13:\"promote_point\";i:113;s:5:\"point\";d:114;s:6:\"point1\";d:115;}');
INSERT INTO `cow_accounts_record` VALUES('2670','111.00','112.00','114.00','113','115','0','0','0','0','0','6','0','注册赠送','rRlXQVpNJm','228','系统','1506310236','a:6:{s:4:\"open\";i:1;s:5:\"money\";d:111;s:6:\"amount\";d:112;s:13:\"promote_point\";i:113;s:5:\"point\";d:114;s:6:\"point1\";d:115;}');
INSERT INTO `cow_accounts_record` VALUES('2671','-1.00','0.00','0.00','0','0','0','0','0','0','0','1','5','房间号：738803消费,房主支付','qbkrhPxVds','215','SYSTEM','1506313109','a:1:{s:5:\"money\";d:110;}');
INSERT INTO `cow_accounts_record` VALUES('2672','111.00','112.00','114.00','113','115','0','0','0','0','0','6','0','注册赠送','aBLWkgbwJt','229','系统','1506313934','a:6:{s:4:\"open\";i:1;s:5:\"money\";d:111;s:6:\"amount\";d:112;s:13:\"promote_point\";i:113;s:5:\"point\";d:114;s:6:\"point1\";d:115;}');
INSERT INTO `cow_accounts_record` VALUES('2673','-1.00','0.00','0.00','0','0','0','0','0','0','0','1','5','房间号：249469消费,房主支付','rRlXQVpNJm','228','SYSTEM','1506320467','a:1:{s:5:\"money\";d:110;}');
INSERT INTO `cow_accounts_record` VALUES('2674','111.00','112.00','114.00','113','115','0','0','0','0','0','6','0','注册赠送','BYbdCQmNGZ','230','系统','1506320945','a:6:{s:4:\"open\";i:1;s:5:\"money\";d:111;s:6:\"amount\";d:112;s:13:\"promote_point\";i:113;s:5:\"point\";d:114;s:6:\"point1\";d:115;}');
INSERT INTO `cow_accounts_record` VALUES('2675','-1.00','0.00','0.00','0','0','0','0','0','0','0','1','5','房间号：760276消费,房主支付','ZBYfxPnjyN','177','SYSTEM','1506322110','a:1:{s:5:\"money\";d:987;}');
INSERT INTO `cow_accounts_record` VALUES('2676','-1.00','0.00','0.00','0','0','0','0','0','0','0','1','5','房间号：760276消费,房主支付','ZBYfxPnjyN','177','SYSTEM','1506322110','a:1:{s:5:\"money\";d:986;}');
INSERT INTO `cow_accounts_record` VALUES('2677','-1.00','0.00','0.00','0','0','0','0','0','0','0','1','5','房间号：760276消费,房主支付','ZBYfxPnjyN','177','SYSTEM','1506322110','a:1:{s:5:\"money\";d:985;}');
INSERT INTO `cow_accounts_record` VALUES('2678','-1.00','0.00','0.00','0','0','0','0','0','0','0','1','5','房间号：918304消费,房主支付','zXbuptwMVq','216','SYSTEM','1506322116','a:1:{s:5:\"money\";d:110;}');
INSERT INTO `cow_accounts_record` VALUES('2679','-1.00','0.00','0.00','0','0','0','0','0','0','0','1','5','房间号：918304消费,房主支付','zXbuptwMVq','216','SYSTEM','1506322116','a:1:{s:5:\"money\";d:109;}');
INSERT INTO `cow_accounts_record` VALUES('2680','-1.00','0.00','0.00','0','0','0','0','0','0','0','1','5','房间号：918304消费,房主支付','zXbuptwMVq','216','SYSTEM','1506322117','a:1:{s:5:\"money\";d:108;}');
INSERT INTO `cow_accounts_record` VALUES('2681','-1.00','0.00','0.00','0','0','0','0','0','0','0','1','5','房间号：918304消费,房主支付','zXbuptwMVq','216','SYSTEM','1506322127','a:1:{s:5:\"money\";d:107;}');
INSERT INTO `cow_accounts_record` VALUES('2682','-1.00','0.00','0.00','0','0','0','0','0','0','0','1','5','房间号：327286消费,房主支付','ZBYfxPnjyN','177','SYSTEM','1506323430','a:1:{s:5:\"money\";d:984;}');
INSERT INTO `cow_accounts_record` VALUES('2683','111.00','112.00','114.00','113','115','0','0','0','0','0','6','0','注册赠送','jmHoqeyJdT','231','系统','1506393555','a:6:{s:4:\"open\";i:1;s:5:\"money\";d:111;s:6:\"amount\";d:112;s:13:\"promote_point\";i:113;s:5:\"point\";d:114;s:6:\"point1\";d:115;}');
INSERT INTO `cow_accounts_record` VALUES('2684','111.00','112.00','114.00','113','115','0','0','0','0','0','6','0','注册赠送','xSDiguOBVq','232','系统','1506393785','a:6:{s:4:\"open\";i:1;s:5:\"money\";d:111;s:6:\"amount\";d:112;s:13:\"promote_point\";i:113;s:5:\"point\";d:114;s:6:\"point1\";d:115;}');
INSERT INTO `cow_accounts_record` VALUES('2685','-1.00','0.00','0.00','0','0','0','0','0','0','0','1','5','房间号：193282消费,房主支付','jmHoqeyJdT','231','SYSTEM','1506396607','a:1:{s:5:\"money\";d:110;}');
INSERT INTO `cow_accounts_record` VALUES('2686','-1.00','0.00','0.00','0','0','0','0','0','0','0','1','5','房间号：778558消费,房主支付','oEClAfRpgb','183','SYSTEM','1506398027','a:1:{s:5:\"money\";d:1173;}');
INSERT INTO `cow_accounts_record` VALUES('2687','111.00','112.00','114.00','113','115','0','0','0','0','0','6','0','注册赠送','dQZkCpbOoy','233','系统','1506423521','a:6:{s:4:\"open\";i:1;s:5:\"money\";d:111;s:6:\"amount\";d:112;s:13:\"promote_point\";i:113;s:5:\"point\";d:114;s:6:\"point1\";d:115;}');
INSERT INTO `cow_accounts_record` VALUES('2688','-1.00','0.00','0.00','0','0','0','0','0','0','0','1','5','房间号：387759消费,房主支付','dQZkCpbOoy','233','SYSTEM','1506427387','a:1:{s:5:\"money\";d:110;}');
INSERT INTO `cow_accounts_record` VALUES('2689','111.00','112.00','114.00','113','115','0','0','0','0','0','6','0','注册赠送','WUjEAhNqHa','234','系统','1506427630','a:6:{s:4:\"open\";i:1;s:5:\"money\";d:111;s:6:\"amount\";d:112;s:13:\"promote_point\";i:113;s:5:\"point\";d:114;s:6:\"point1\";d:115;}');
INSERT INTO `cow_accounts_record` VALUES('2690','111.00','112.00','114.00','113','115','0','0','0','0','0','6','0','注册赠送','JilGWQYVaO','235','系统','1506430810','a:6:{s:4:\"open\";i:1;s:5:\"money\";d:111;s:6:\"amount\";d:112;s:13:\"promote_point\";i:113;s:5:\"point\";d:114;s:6:\"point1\";d:115;}');
INSERT INTO `cow_accounts_record` VALUES('2691','-1.00','0.00','0.00','0','0','0','0','0','0','0','1','5','房间号：994274消费,房主支付','qbkrhPxVds','215','SYSTEM','1506495721','a:1:{s:5:\"money\";d:109;}');
INSERT INTO `cow_accounts_record` VALUES('2692','-1.00','0.00','0.00','0','0','0','0','0','0','0','1','5','房间号：994274消费,房主支付','qbkrhPxVds','215','SYSTEM','1506495721','a:1:{s:5:\"money\";d:108;}');
INSERT INTO `cow_accounts_record` VALUES('2693','-1.00','0.00','0.00','0','0','0','0','0','0','0','1','5','房间号：584830消费,房主支付','qbkrhPxVds','215','SYSTEM','1506496688','a:1:{s:5:\"money\";d:107;}');
INSERT INTO `cow_accounts_record` VALUES('2694','-1.00','0.00','0.00','0','0','0','0','0','0','0','1','5','房间号：584830消费,房主支付','qbkrhPxVds','215','SYSTEM','1506496688','a:1:{s:5:\"money\";d:106;}');
INSERT INTO `cow_accounts_record` VALUES('2695','-1.00','0.00','0.00','0','0','0','0','0','0','0','1','5','房间号：584830消费,房主支付','qbkrhPxVds','215','SYSTEM','1506496688','a:1:{s:5:\"money\";d:105;}');
INSERT INTO `cow_accounts_record` VALUES('2696','-1.00','0.00','0.00','0','0','0','0','0','0','0','1','5','房间号：158342消费,房主支付','qbkrhPxVds','215','SYSTEM','1506502110','a:1:{s:5:\"money\";d:104;}');
INSERT INTO `cow_accounts_record` VALUES('2697','-1.00','0.00','0.00','0','0','0','0','0','0','0','1','5','房间号：748980消费,房主支付','qbkrhPxVds','215','SYSTEM','1506504974','a:1:{s:5:\"money\";d:103;}');
INSERT INTO `cow_accounts_record` VALUES('2698','-1.00','0.00','0.00','0','0','0','0','0','0','0','1','5','房间号：645554消费,房主支付','rRlXQVpNJm','228','SYSTEM','1506505827','a:1:{s:5:\"money\";d:109;}');
INSERT INTO `cow_accounts_record` VALUES('2699','-1.00','0.00','0.00','0','0','0','0','0','0','0','1','5','房间号：645554消费,房主支付','rRlXQVpNJm','228','SYSTEM','1506505827','a:1:{s:5:\"money\";d:108;}');
INSERT INTO `cow_accounts_record` VALUES('2700','-1.00','0.00','0.00','0','0','0','0','0','0','0','1','5','房间号：645554消费,房主支付','rRlXQVpNJm','228','SYSTEM','1506505884','a:1:{s:5:\"money\";d:107;}');
INSERT INTO `cow_accounts_record` VALUES('2701','-1.00','0.00','0.00','0','0','0','0','0','0','0','1','5','房间号：813795消费,房主支付','mchtuqVYJl','219','SYSTEM','1506506893','a:1:{s:5:\"money\";d:110;}');
INSERT INTO `cow_accounts_record` VALUES('2702','-1.00','0.00','0.00','0','0','0','0','0','0','0','1','5','房间号：813795消费,房主支付','mchtuqVYJl','219','SYSTEM','1506506893','a:1:{s:5:\"money\";d:109;}');
INSERT INTO `cow_accounts_record` VALUES('2703','-1.00','0.00','0.00','0','0','0','0','0','0','0','1','5','房间号：813795消费,房主支付','mchtuqVYJl','219','SYSTEM','1506506893','a:1:{s:5:\"money\";d:108;}');
INSERT INTO `cow_accounts_record` VALUES('2704','-1.00','0.00','0.00','0','0','0','0','0','0','0','1','5','房间号：813795消费,房主支付','mchtuqVYJl','219','SYSTEM','1506506893','a:1:{s:5:\"money\";d:107;}');
INSERT INTO `cow_accounts_record` VALUES('2705','-1.00','0.00','0.00','0','0','0','0','0','0','0','1','5','房间号：662944消费,房主支付','qbkrhPxVds','215','SYSTEM','1506570987','a:1:{s:5:\"money\";d:102;}');
INSERT INTO `cow_accounts_record` VALUES('2706','111.00','112.00','114.00','113','115','0','0','0','0','0','6','0','注册赠送','ErUNZBjbHd','236','系统','1506605735','a:6:{s:4:\"open\";i:1;s:5:\"money\";d:111;s:6:\"amount\";d:112;s:13:\"promote_point\";i:113;s:5:\"point\";d:114;s:6:\"point1\";d:115;}');
INSERT INTO `cow_accounts_record` VALUES('2707','111.00','112.00','114.00','113','115','0','0','0','0','0','6','0','注册赠送','wOCrVQjmNb','237','系统','1506664147','a:6:{s:4:\"open\";i:1;s:5:\"money\";d:111;s:6:\"amount\";d:112;s:13:\"promote_point\";i:113;s:5:\"point\";d:114;s:6:\"point1\";d:115;}');
INSERT INTO `cow_accounts_record` VALUES('2708','-1.00','0.00','0.00','0','0','0','0','0','0','0','1','5','房间号：796367消费,房主支付','zXbuptwMVq','216','SYSTEM','1506674683','a:1:{s:5:\"money\";d:106;}');
INSERT INTO `cow_accounts_record` VALUES('2709','111.00','112.00','114.00','113','115','0','0','0','0','0','6','0','注册赠送','YXzDiCFyPZ','238','系统','1506691973','a:6:{s:4:\"open\";i:1;s:5:\"money\";d:111;s:6:\"amount\";d:112;s:13:\"promote_point\";i:113;s:5:\"point\";d:114;s:6:\"point1\";d:115;}');
INSERT INTO `cow_accounts_record` VALUES('2710','111.00','112.00','114.00','113','115','0','0','0','0','0','6','0','注册赠送','mEKyGafDhc','239','系统','1506692665','a:6:{s:4:\"open\";i:1;s:5:\"money\";d:111;s:6:\"amount\";d:112;s:13:\"promote_point\";i:113;s:5:\"point\";d:114;s:6:\"point1\";d:115;}');
INSERT INTO `cow_accounts_record` VALUES('2711','111.00','112.00','114.00','113','115','0','0','0','0','0','6','0','注册赠送','vQcHVloumG','240','系统','1506752492','a:6:{s:4:\"open\";i:1;s:5:\"money\";d:111;s:6:\"amount\";d:112;s:13:\"promote_point\";i:113;s:5:\"point\";d:114;s:6:\"point1\";d:115;}');
INSERT INTO `cow_accounts_record` VALUES('2712','-1.00','0.00','0.00','0','0','0','0','0','0','0','1','5','房间号：477651消费,房主支付','vQcHVloumG','240','SYSTEM','1506762512','a:1:{s:5:\"money\";d:110;}');
INSERT INTO `cow_accounts_record` VALUES('2713','111.00','112.00','114.00','113','115','0','0','0','0','0','6','0','注册赠送','LRbJkDXIQO','241','系统','1506771475','a:6:{s:4:\"open\";i:1;s:5:\"money\";d:111;s:6:\"amount\";d:112;s:13:\"promote_point\";i:113;s:5:\"point\";d:114;s:6:\"point1\";d:115;}');
INSERT INTO `cow_accounts_record` VALUES('2714','-1.00','0.00','0.00','0','0','0','0','0','0','0','1','5','房间号：244637消费,房主支付','PpkADlwLsR','223','SYSTEM','1506773169','a:1:{s:5:\"money\";d:110;}');
INSERT INTO `cow_accounts_record` VALUES('2715','-1.00','0.00','0.00','0','0','0','0','0','0','0','1','5','房间号：868940消费,房主支付','wTdXPifglQ','221','SYSTEM','1506818492','a:1:{s:5:\"money\";d:110;}');
INSERT INTO `cow_accounts_record` VALUES('2716','-1.00','0.00','0.00','0','0','0','0','0','0','0','1','5','房间号：137889消费,房主支付','qbkrhPxVds','215','SYSTEM','1506858451','a:1:{s:5:\"money\";d:101;}');
INSERT INTO `cow_accounts_record` VALUES('2717','-1.00','0.00','0.00','0','0','0','0','0','0','0','1','5','房间号：137889消费,房主支付','qbkrhPxVds','215','SYSTEM','1506858451','a:1:{s:5:\"money\";d:100;}');
INSERT INTO `cow_accounts_record` VALUES('2718','-1.00','0.00','0.00','0','0','0','0','0','0','0','1','5','房间号：137889消费,房主支付','qbkrhPxVds','215','SYSTEM','1506858451','a:1:{s:5:\"money\";d:99;}');
INSERT INTO `cow_accounts_record` VALUES('2719','-1.00','0.00','0.00','0','0','0','0','0','0','0','1','5','房间号：137889消费,房主支付','qbkrhPxVds','215','SYSTEM','1506858451','a:1:{s:5:\"money\";d:98;}');
INSERT INTO `cow_accounts_record` VALUES('2720','-1.00','0.00','0.00','0','0','0','0','0','0','0','1','5','房间号：619190消费,房主支付','xZmgIUiRuM','220','SYSTEM','1506859281','a:1:{s:5:\"money\";d:110;}');
INSERT INTO `cow_accounts_record` VALUES('2721','111.00','112.00','114.00','113','115','0','0','0','0','0','6','0','注册赠送','yJwXVTHrRZ','242','系统','1506859761','a:6:{s:4:\"open\";i:1;s:5:\"money\";d:111;s:6:\"amount\";d:112;s:13:\"promote_point\";i:113;s:5:\"point\";d:114;s:6:\"point1\";d:115;}');
INSERT INTO `cow_accounts_record` VALUES('2722','-1.00','0.00','0.00','0','0','0','0','0','0','0','1','5','房间号：246673消费,房主支付','xZmgIUiRuM','220','SYSTEM','1506861612','a:1:{s:5:\"money\";d:109;}');
INSERT INTO `cow_accounts_record` VALUES('2723','-1.00','0.00','0.00','0','0','0','0','0','0','0','1','5','房间号：567175消费,房主支付','wTdXPifglQ','221','SYSTEM','1506863964','a:1:{s:5:\"money\";d:109;}');
INSERT INTO `cow_accounts_record` VALUES('2724','111.00','112.00','114.00','113','115','0','0','0','0','0','6','0','注册赠送','eBtRAITGkX','243','系统','1506864181','a:6:{s:4:\"open\";i:1;s:5:\"money\";d:111;s:6:\"amount\";d:112;s:13:\"promote_point\";i:113;s:5:\"point\";d:114;s:6:\"point1\";d:115;}');
INSERT INTO `cow_accounts_record` VALUES('2725','111.00','112.00','114.00','113','115','0','0','0','0','0','6','0','注册赠送','IEekOmWzGq','244','系统','1506872205','a:6:{s:4:\"open\";i:1;s:5:\"money\";d:111;s:6:\"amount\";d:112;s:13:\"promote_point\";i:113;s:5:\"point\";d:114;s:6:\"point1\";d:115;}');
--
-- 表的结构cow_admin
--

DROP TABLE IF EXISTS `cow_admin`;
CREATE TABLE `cow_admin` (
  `id` int(11) unsigned NOT NULL AUTO_INCREMENT,
  `user` varchar(100) NOT NULL COMMENT '管理员账号',
  `pass` varchar(100) NOT NULL COMMENT '管理员密码',
  `pass_pre` varchar(50) DEFAULT NULL COMMENT '密码前缀',
  `email` varchar(100) DEFAULT '' COMMENT 'email',
  `role_id` int(11) unsigned NOT NULL DEFAULT '0' COMMENT '管理员所属的角色ID',
  `role` int(11) unsigned DEFAULT '0' COMMENT '管理员角色类型，1为超级管理',
  `power_id` int(11) unsigned DEFAULT '0' COMMENT '权限ID',
  `status` tinyint(2) unsigned NOT NULL COMMENT '管理员是否开启 1开启 0关闭',
  `addtime` int(11) NOT NULL COMMENT '添加日期',
  `is_del` tinyint(2) unsigned DEFAULT '0' COMMENT '是否不可删除，1表示不可删除',
  `site_id` int(11) unsigned DEFAULT '0' COMMENT '所属网站id',
  PRIMARY KEY (`id`),
  KEY `user_2` (`user`)
) ENGINE=MyISAM AUTO_INCREMENT=2 DEFAULT CHARSET=utf8;

--
-- 转存表中的数据 cow_admin
--

INSERT INTO `cow_admin` VALUES('1','admin','95ec0a51ddedb62e98c9f412455eca00','AnvOCB','','1','0','0','1','1476348327','1','0');
--
-- 表的结构cow_advert
--

DROP TABLE IF EXISTS `cow_advert`;
CREATE TABLE `cow_advert` (
  `id` int(11) unsigned NOT NULL AUTO_INCREMENT,
  `parent_id` int(11) unsigned DEFAULT '0' COMMENT '广告位id',
  `img_url` varchar(255) DEFAULT NULL COMMENT '广告图片链接',
  `title` varchar(255) DEFAULT NULL COMMENT '文本内容',
  `a_url` varchar(255) DEFAULT NULL COMMENT '超链接',
  `start_time` int(11) unsigned DEFAULT '0' COMMENT '广告开始时间',
  `end_time` int(11) unsigned DEFAULT '0' COMMENT '结束时间',
  `add_time` int(11) unsigned DEFAULT '0' COMMENT '添加日期',
  `remarks` text COMMENT '广告备注',
  PRIMARY KEY (`id`)
) ENGINE=MyISAM AUTO_INCREMENT=12 DEFAULT CHARSET=utf8;

--
-- 转存表中的数据 cow_advert
--

INSERT INTO `cow_advert` VALUES('11','20','/upload/admin/1/1479353424_177122.jpg','111','http://','1488351420','1490338620','1489128891','');
--
-- 表的结构cow_advert_type
--

DROP TABLE IF EXISTS `cow_advert_type`;
CREATE TABLE `cow_advert_type` (
  `id` int(11) unsigned NOT NULL AUTO_INCREMENT,
  `title` varchar(100) DEFAULT NULL COMMENT '广告位名称',
  `overdue_show` text COMMENT '过期显示内容',
  `overdue_show_type` tinyint(1) unsigned DEFAULT NULL COMMENT '广告过期是否显示信息，1显示0不显示，显示overdue_show自动内容',
  `setting` text COMMENT '广告位设置',
  `status` tinyint(2) unsigned DEFAULT NULL COMMENT '开启关闭',
  `default_img` varchar(255) DEFAULT NULL COMMENT '默认图片',
  `advert_type` varchar(20) DEFAULT NULL COMMENT '广告类型',
  `remarks` text COMMENT '广告备注',
  PRIMARY KEY (`id`)
) ENGINE=MyISAM AUTO_INCREMENT=21 DEFAULT CHARSET=utf8;

--
-- 转存表中的数据 cow_advert_type
--

INSERT INTO `cow_advert_type` VALUES('20','11111','<img src=\"[default_img]\" width=\"100%\"/>','1','array (\n  \\\'width\\\' => \\\'100\\\',\n  \\\'height\\\' => \\\'0\\\',\n  \\\'show_type\\\' => \\\'1\\\',\n)','1','0','image','111');
--
-- 表的结构cow_agent
--

DROP TABLE IF EXISTS `cow_agent`;
CREATE TABLE `cow_agent` (
  `id` int(100) NOT NULL AUTO_INCREMENT,
  `agentName` varchar(255) NOT NULL,
  `area_id` int(100) unsigned NOT NULL DEFAULT '0' COMMENT '区域id',
  `user_id` int(100) unsigned NOT NULL DEFAULT '0',
  PRIMARY KEY (`id`)
) ENGINE=MyISAM AUTO_INCREMENT=16 DEFAULT CHARSET=utf8;

--
-- 转存表中的数据 cow_agent
--

--
-- 表的结构cow_auth_rule
--

DROP TABLE IF EXISTS `cow_auth_rule`;
CREATE TABLE `cow_auth_rule` (
  `id` mediumint(8) unsigned NOT NULL AUTO_INCREMENT,
  `name` varchar(255) NOT NULL,
  `title` varchar(50) DEFAULT NULL,
  `condition_open` tinyint(1) DEFAULT '1' COMMENT '为1表示解析condition字段信息',
  `status` tinyint(1) DEFAULT '1',
  `condition` varchar(100) DEFAULT NULL,
  `type` varchar(50) DEFAULT NULL COMMENT '属于哪个种类的验证规则',
  `auth_m` varchar(50) DEFAULT NULL COMMENT '模型名称',
  `auth_c` varchar(50) DEFAULT NULL COMMENT '控制器名称',
  `auth_a` varchar(50) DEFAULT NULL COMMENT '方法名称',
  `auth_p` varchar(255) DEFAULT NULL COMMENT '链接参数',
  `is_del` tinyint(1) unsigned DEFAULT '0' COMMENT '是否允许删除，1 不允许删除',
  `class_id` int(11) DEFAULT '0' COMMENT '类分ID',
  `sort` int(10) unsigned DEFAULT '0' COMMENT '排序',
  PRIMARY KEY (`id`),
  UNIQUE KEY `name` (`name`)
) ENGINE=MyISAM AUTO_INCREMENT=1115 DEFAULT CHARSET=utf8;

--
-- 转存表中的数据 cow_auth_rule
--

INSERT INTO `cow_auth_rule` VALUES('26','Sys_model/Class/class_list?modelid=21','关键字分类','0','1','','','Sys_model','Class','class_list','modelid=21','0','13','0');
INSERT INTO `cow_auth_rule` VALUES('28','Admin/Site/Site_list','网站设置','0','1','','','Admin','Site','Site_list','','0','4','4');
INSERT INTO `cow_auth_rule` VALUES('30','Admin/Setting/Setting','基本设置','0','1','','','Admin','Setting','Setting','','0','4','89');
INSERT INTO `cow_auth_rule` VALUES('32','Admin/Menu/Menu_list?type=user','会员中心','0','1','','','Admin','Menu','Menu_list','type=user','0','4','0');
INSERT INTO `cow_auth_rule` VALUES('33','Admin/Menu/Menu_list?type=sell','卖家中心','0','1','','','Admin','Menu','Menu_list','type=sell','0','4','8');
INSERT INTO `cow_auth_rule` VALUES('34','Admin/Menu/Menu_list?type=index_show','首页菜单','0','1','','','Admin','Menu','Menu_list','type=index_show','0','4','12');
INSERT INTO `cow_auth_rule` VALUES('35','admin/menu/menu_list?type=admin','后台菜单','1','1','','','admin','menu','menu_list','type=admin','0','4','50');
INSERT INTO `cow_auth_rule` VALUES('36','Admin/Auth/auth_class_list','权限分类','0','1','','','Admin','Auth','auth_class_list','','0','4','30');
INSERT INTO `cow_auth_rule` VALUES('37','Admin/Auth/auth_list','权限规则','1','1','','','Admin','Auth','auth_list','','0','4','34');
INSERT INTO `cow_auth_rule` VALUES('38','Admin/Admin/Admin_Role_list','角色管理','0','1','','','Admin','Admin','Admin_Role_list','','0','6','23');
INSERT INTO `cow_auth_rule` VALUES('39','Admin/Admin/admin_list','管理列表','0','1','','','Admin','Admin','admin_list','','0','6','20');
INSERT INTO `cow_auth_rule` VALUES('40','Admin/install/install_list','模块列表','0','1','','','Admin','install','install_list','','0','5','0');
INSERT INTO `cow_auth_rule` VALUES('41','sys_model/Index/model_list','模型列表','0','1','','','sys_model','Index','model_list','','0','6','0');
INSERT INTO `cow_auth_rule` VALUES('50','Field/Field/field_list?modelid=21','字段管理','1','1','','','Field','Field','field_list','modelid=21','0','6','80');
INSERT INTO `cow_auth_rule` VALUES('53','Admin/Menu/Menu_agent','会员代理','1','1','','','Admin','Menu','Menu_agent','','0','14','54');
INSERT INTO `cow_auth_rule` VALUES('54','Field/Field/field_list?modelid=2','会员字段','1','1','','','Field','Field','field_list','modelid=2','0','14','79');
INSERT INTO `cow_auth_rule` VALUES('55','Admin/User/User_group_list','会员组','1','1','','','Admin','User','User_group_list','','0','14','10');
INSERT INTO `cow_auth_rule` VALUES('56','Admin/User/user_list','会员列表','1','1','','','Admin','User','user_list','','0','14','6');
INSERT INTO `cow_auth_rule` VALUES('62','Accounts/Setting/setting','基本配置','1','1','','','Accounts','Setting','setting','','0','38','0');
INSERT INTO `cow_auth_rule` VALUES('63','Accounts/Setting/pay_setting','支付配置','1','1','','','Accounts','Setting','pay_setting','','0','38','0');
INSERT INTO `cow_auth_rule` VALUES('64','Accounts/index/withdraw_list','查看列表','1','1','','','Accounts','index','withdraw_list','','0','38','0');
INSERT INTO `cow_auth_rule` VALUES('65','Accounts/index/accounts_del','清理数据','1','1','','','Accounts','index','accounts_del','','0','38','0');
INSERT INTO `cow_auth_rule` VALUES('66','Accounts/index/accounts_alter','增减资金','1','1','','','Accounts','index','accounts_alter','','0','38','0');
INSERT INTO `cow_auth_rule` VALUES('67','Accounts/index/Accounts_list','流水列表','1','1','','','Accounts','index','Accounts_list','','0','38','0');
INSERT INTO `cow_auth_rule` VALUES('68','Order/Admin/cart_list','测试购物车','1','1','','','Order','Admin','cart_list','','0','15','0');
INSERT INTO `cow_auth_rule` VALUES('69','Order/Admin/order_list','订单列表','1','1','','','Order','Admin','order_list','','0','15','0');
INSERT INTO `cow_auth_rule` VALUES('70','Order/Admin/verification_key_admin','核销兑换码','1','1','','','Order','Admin','verification_key_admin','','0','15','0');
INSERT INTO `cow_auth_rule` VALUES('71','Admin/Menu/menu_add?type=admin','后台菜单:添加菜单','0','1','','','Admin','Menu','menu_add','type=admin','0','4','51');
INSERT INTO `cow_auth_rule` VALUES('72','Sys_model/Class/class_add?modelid=21','关键字分类:添加分类','0','1','','','Sys_model','Class','class_add','modelid=21','0','13','0');
INSERT INTO `cow_auth_rule` VALUES('73','Sys_model/Class/class_edit?modelid=21','关键字分类:编辑分类','0','1','','','Sys_model','Class','class_edit','modelid=21','0','13','0');
INSERT INTO `cow_auth_rule` VALUES('74','Sys_model/Class/class_del?modelid=21','关键字分类:删除分类','0','1','','','Sys_model','Class','class_del','modelid=21','0','13','0');
INSERT INTO `cow_auth_rule` VALUES('78','Admin/Site/site_add','网站设置:添加网站','1','1','','','Admin','Site','site_add','','0','4','5');
INSERT INTO `cow_auth_rule` VALUES('79','Admin/Site/site_edit','网站设置:编辑网站','1','1','','','Admin','Site','site_edit','','0','4','6');
INSERT INTO `cow_auth_rule` VALUES('80','Admin/Site/site_del','网站设置:删除网站','0','1','','','Admin','Site','site_del','','0','4','7');
INSERT INTO `cow_auth_rule` VALUES('84','Admin/Menu/menu_add?type=user','会员中心:添加菜单','1','1','','','Admin','Menu','menu_add','type=user','0','4','1');
INSERT INTO `cow_auth_rule` VALUES('85','Admin/Menu/menu_edit?type=user','会员中心:编辑菜单','0','1','','','Admin','Menu','menu_edit','type=user','0','4','2');
INSERT INTO `cow_auth_rule` VALUES('86','Admin/Menu/Menu_del?type=user','会员中心:删除菜单','1','1','','','Admin','Menu','Menu_del','type=user','0','4','3');
INSERT INTO `cow_auth_rule` VALUES('87','Admin/Menu/menu_add?type=sell','卖家菜单:添加菜单','1','1','','','Admin','Menu','menu_add','type=sell','0','4','9');
INSERT INTO `cow_auth_rule` VALUES('88','Admin/Menu/menu_edit?type=sell','卖家菜单:编辑菜单','1','1','','','Admin','Menu','menu_edit','type=sell','0','4','10');
INSERT INTO `cow_auth_rule` VALUES('89','Admin/Menu/Menu_del?type=sell','卖家菜单:删除菜单','1','1','','','Admin','Menu','Menu_del','type=sell','0','4','11');
INSERT INTO `cow_auth_rule` VALUES('90','Admin/Menu/menu_add?type=index_show','首页菜单:添加菜单','1','1','','','Admin','Menu','menu_add','type=index_show','0','4','13');
INSERT INTO `cow_auth_rule` VALUES('91','Admin/Menu/menu_edit?type=index_show','首页菜单:编辑菜单','1','1','','','Admin','Menu','menu_edit','type=index_show','0','4','14');
INSERT INTO `cow_auth_rule` VALUES('92','Admin/Menu/Menu_del?type=index_show','首页菜单:删除菜单','1','1','','','Admin','Menu','Menu_del','type=index_show','0','4','15');
INSERT INTO `cow_auth_rule` VALUES('95','Admin/Menu/menu_edit?type=admin','后台菜单:编辑菜单','1','1','','','Admin','Menu','menu_edit','type=admin','0','4','52');
INSERT INTO `cow_auth_rule` VALUES('96','Admin/Menu/Menu_del?type=admin','后台菜单:删除菜单','1','1','','','Admin','Menu','Menu_del','type=admin','0','4','53');
INSERT INTO `cow_auth_rule` VALUES('97','Admin/Auth/auth_class_add','权限分类:添加分类','1','1','','','Admin','Auth','auth_class_add','','0','4','31');
INSERT INTO `cow_auth_rule` VALUES('98','Admin/Auth/auth_class_edit','权限分类:编辑分类','1','1','','','Admin','Auth','auth_class_edit','','0','4','32');
INSERT INTO `cow_auth_rule` VALUES('99','Admin/Auth/auth_class_del','权限分类:删除分类','1','1','','','Admin','Auth','auth_class_del','','0','4','33');
INSERT INTO `cow_auth_rule` VALUES('100','Admin/Auth/auth_add','权限管理:添加规则','1','1','','','Admin','Auth','auth_add','','0','4','35');
INSERT INTO `cow_auth_rule` VALUES('101','Admin/Auth/auth_edit','权限管理:编辑规则','1','1','','','Admin','Auth','auth_edit','','0','4','36');
INSERT INTO `cow_auth_rule` VALUES('102','Admin/Auth/auth_del','权限管理:删除规则','1','1','','','Admin','Auth','auth_del','','0','4','37');
INSERT INTO `cow_auth_rule` VALUES('103','Admin/Admin/admin_role_add','角色管理:添加角色','1','1','','','Admin','Admin','admin_role_add','','0','4','24');
INSERT INTO `cow_auth_rule` VALUES('104','Admin/Admin/admin_role_edit','角色管理:编辑角色','1','1','','','Admin','Admin','admin_role_edit','','0','4','25');
INSERT INTO `cow_auth_rule` VALUES('105','Admin/Admin/admin_role_del','角色管理:删除角色','1','1','','','Admin','Admin','admin_role_del','','0','4','26');
INSERT INTO `cow_auth_rule` VALUES('106','Admin/Admin/admin_add','管理列表:添加管理员','1','1','','','Admin','Admin','admin_add','','0','4','21');
INSERT INTO `cow_auth_rule` VALUES('107','Admin/Admin/admin_edit','管理列表:编辑管理员','1','1','','','Admin','Admin','admin_edit','','0','4','22');
INSERT INTO `cow_auth_rule` VALUES('108','Admin/Admin/admin_del','管理列表:删除管理员','1','1','','','Admin','Admin','admin_del','','0','4','22');
INSERT INTO `cow_auth_rule` VALUES('109','Sys_model/Index/model_add','模型列表:模型添加','1','1','','','Sys_model','Index','model_add','','0','6','0');
INSERT INTO `cow_auth_rule` VALUES('110','Sys_model/Index/model_edit','模型列表:编辑模型','1','1','','','Sys_model','Index','model_edit','','0','6','0');
INSERT INTO `cow_auth_rule` VALUES('111','Sys_model/Index/model_del','模型列表:删除模型','1','1','','','Sys_model','Index','model_del','','0','6','0');
INSERT INTO `cow_auth_rule` VALUES('131','Field/Field/field_add?modelid=21','字段管理:添加字段','1','1','','','Field','Field','field_add','modelid=21','0','6','0');
INSERT INTO `cow_auth_rule` VALUES('132','Field/Field/field_edit?modelid=21','字段管理:编辑字段','1','1','','','Field','Field','field_edit','modelid=21','0','6','0');
INSERT INTO `cow_auth_rule` VALUES('133','Field/Field/field_del?modelid=21','字段管理:删除字段','1','1','','','Field','Field','field_del','modelid=21','0','6','0');
INSERT INTO `cow_auth_rule` VALUES('134','Field/Field/field_update_cache?modelid=21','更新关键字缓存','1','1','','','Field','Field','field_update_cache','modelid=21','0','6','0');
INSERT INTO `cow_auth_rule` VALUES('138','Field/Field/field_add?modelid=2','会员字段:添加字段','1','1','','','Field','Field','field_add','modelid=2','0','14','0');
INSERT INTO `cow_auth_rule` VALUES('141','Admin/User/User_group_add','会员组:添加会员组','1','1','','','Admin','User','User_group_add','','0','14','11');
INSERT INTO `cow_auth_rule` VALUES('142','Admin/User/User_group_edit','会员组:编辑会员组','1','1','','','Admin','User','User_group_edit','','0','14','12');
INSERT INTO `cow_auth_rule` VALUES('143','Admin/User/User_group_del','会员组:删除会员组','1','1','','','Admin','User','User_group_del','','0','14','13');
INSERT INTO `cow_auth_rule` VALUES('144','Admin/User/user_add','会员列表:添加会员','1','1','','','Admin','User','user_add','','0','14','7');
INSERT INTO `cow_auth_rule` VALUES('145','Admin/User/user_edit','会员列表:编辑会员','1','1','','','Admin','User','user_edit','','0','14','8');
INSERT INTO `cow_auth_rule` VALUES('146','Admin/User/user_del','会员列表:删除会员','1','1','','','Admin','User','user_del','','0','14','9');
INSERT INTO `cow_auth_rule` VALUES('256','User/Agentadmin/agent_add','会员代理:添加代理人','1','1','','','User','Agentadmin','agent_add','','0','14','1');
INSERT INTO `cow_auth_rule` VALUES('257','User/Agentadmin/agent_edit','会员代理:编辑代理人','1','1','','','User','Agentadmin','agent_edit','','0','14','2');
INSERT INTO `cow_auth_rule` VALUES('258','User/Agentadmin/agent_delete','会员代理:删除代理人','1','1','','','User','Agentadmin','agent_delete','','0','14','3');
INSERT INTO `cow_auth_rule` VALUES('259','User/Agentadmin/agent_list','代理人列表','1','1','','','User','Agentadmin','agent_list','','0','14','4');
INSERT INTO `cow_auth_rule` VALUES('260','User/Agentadmin/setting_list','代理设置','1','1','','','User','Agentadmin','setting_list','','0','14','0');
INSERT INTO `cow_auth_rule` VALUES('288','article/aticle/article_list?modelid=43','内容管理','1','1','','','article','aticle','article_list','modelid=43','0','30','0');
INSERT INTO `cow_auth_rule` VALUES('289','article/aticle/article_add?modelid=43','添加信息','1','1','','','article','aticle','article_add','modelid=43','0','30','1');
INSERT INTO `cow_auth_rule` VALUES('290','article/aticle/article_del?modelid=43','删除信息','1','1','','','article','aticle','article_del','modelid=43','0','30','2');
INSERT INTO `cow_auth_rule` VALUES('291','article/aticle/article_edit?modelid=43','编辑信息','1','1','','','article','aticle','article_edit','modelid=43','0','30','3');
INSERT INTO `cow_auth_rule` VALUES('292','Sys_model/Index/verify?modelid=43','信息审核','1','1','','','Sys_model','Index','verify','modelid=43','0','30','3');
INSERT INTO `cow_auth_rule` VALUES('293','Sys_model/Class/class_list?modelid=43','管理分类','1','1','','','Sys_model','Class','class_list','modelid=43','0','30','4');
INSERT INTO `cow_auth_rule` VALUES('294','Sys_model/Class/class_add?modelid=43','添加分类','1','1','','','Sys_model','Class','class_add','modelid=43','0','30','5');
INSERT INTO `cow_auth_rule` VALUES('295','Sys_model/Class/class_del?modelid=43','删除分类','1','1','','','Sys_model','Class','class_del','modelid=43','0','30','6');
INSERT INTO `cow_auth_rule` VALUES('296','Sys_model/Class/class_edit?modelid=43','编辑分类','1','1','','','Sys_model','Class','class_edit','modelid=43','0','30','7');
INSERT INTO `cow_auth_rule` VALUES('297','Field/Field/field_list?modelid=43','字段管理','1','1','','','Field','Field','field_list','modelid=43','0','30','8');
INSERT INTO `cow_auth_rule` VALUES('298','Field/Field/field_add?modelid=43','添加字段','1','1','','','Field','Field','field_add','modelid=43','0','30','9');
INSERT INTO `cow_auth_rule` VALUES('299','Field/Field/field_del?modelid=43','删除字段','1','1','','','Field','Field','field_del','modelid=43','0','30','10');
INSERT INTO `cow_auth_rule` VALUES('300','Field/Field/field_edit?modelid=43','编辑字段','1','1','','','Field','Field','field_edit','modelid=43','0','30','11');
INSERT INTO `cow_auth_rule` VALUES('370','Sys_model/Index/verify?modelid=49','信息审核','1','1','','','Sys_model','Index','verify','modelid=49','0','36','3');
INSERT INTO `cow_auth_rule` VALUES('371','Sys_model/Class/class_list?modelid=49','管理分类','1','1','','','Sys_model','Class','class_list','modelid=49','0','36','4');
INSERT INTO `cow_auth_rule` VALUES('372','Sys_model/Class/class_add?modelid=49','添加分类','1','1','','','Sys_model','Class','class_add','modelid=49','0','36','5');
INSERT INTO `cow_auth_rule` VALUES('373','Sys_model/Class/class_del?modelid=49','删除分类','1','1','','','Sys_model','Class','class_del','modelid=49','0','36','6');
INSERT INTO `cow_auth_rule` VALUES('374','Sys_model/Class/class_edit?modelid=49','编辑分类','1','1','','','Sys_model','Class','class_edit','modelid=49','0','36','7');
INSERT INTO `cow_auth_rule` VALUES('375','Field/Field/field_list?modelid=49','字段管理','1','1','','','Field','Field','field_list','modelid=49','0','36','8');
INSERT INTO `cow_auth_rule` VALUES('376','Field/Field/field_add?modelid=49','添加字段','1','1','','','Field','Field','field_add','modelid=49','0','36','9');
INSERT INTO `cow_auth_rule` VALUES('377','Field/Field/field_del?modelid=49','删除字段','1','1','','','Field','Field','field_del','modelid=49','0','36','10');
INSERT INTO `cow_auth_rule` VALUES('378','Field/Field/field_edit?modelid=49','编辑字段','1','1','','','Field','Field','field_edit','modelid=49','0','36','11');
INSERT INTO `cow_auth_rule` VALUES('383','Sys_model/Index/verify?modelid=50','信息审核','1','1','','','Sys_model','Index','verify','modelid=50','0','37','3');
INSERT INTO `cow_auth_rule` VALUES('384','Sys_model/Class/class_list?modelid=50','管理分类','1','1','','','Sys_model','Class','class_list','modelid=50','0','37','4');
INSERT INTO `cow_auth_rule` VALUES('385','Sys_model/Class/class_add?modelid=50','添加分类','1','1','','','Sys_model','Class','class_add','modelid=50','0','37','5');
INSERT INTO `cow_auth_rule` VALUES('386','Sys_model/Class/class_del?modelid=50','删除分类','1','1','','','Sys_model','Class','class_del','modelid=50','0','37','6');
INSERT INTO `cow_auth_rule` VALUES('387','Sys_model/Class/class_edit?modelid=50','编辑分类','1','1','','','Sys_model','Class','class_edit','modelid=50','0','37','7');
INSERT INTO `cow_auth_rule` VALUES('388','Field/Field/field_list?modelid=50','字段管理','1','1','','','Field','Field','field_list','modelid=50','0','37','8');
INSERT INTO `cow_auth_rule` VALUES('389','Field/Field/field_add?modelid=50','添加字段','1','1','','','Field','Field','field_add','modelid=50','0','37','9');
INSERT INTO `cow_auth_rule` VALUES('390','Field/Field/field_del?modelid=50','删除字段','1','1','','','Field','Field','field_del','modelid=50','0','37','10');
INSERT INTO `cow_auth_rule` VALUES('391','Field/Field/field_edit?modelid=50','编辑字段','1','1','','','Field','Field','field_edit','modelid=50','0','37','11');
INSERT INTO `cow_auth_rule` VALUES('445','article/aticle/article_list?modelid=57','内容管理','1','1','','','article','aticle','article_list','modelid=57','0','43','0');
INSERT INTO `cow_auth_rule` VALUES('446','article/aticle/article_add?modelid=57','添加信息','1','1','','','article','aticle','article_add','modelid=57','0','43','1');
INSERT INTO `cow_auth_rule` VALUES('447','article/aticle/article_del?modelid=57','删除信息','1','1','','','article','aticle','article_del','modelid=57','0','43','2');
INSERT INTO `cow_auth_rule` VALUES('448','article/aticle/article_edit?modelid=57','编辑信息','1','1','','','article','aticle','article_edit','modelid=57','0','43','3');
INSERT INTO `cow_auth_rule` VALUES('449','Sys_model/Index/verify?modelid=57','信息审核','1','1','','','Sys_model','Index','verify','modelid=57','0','43','3');
INSERT INTO `cow_auth_rule` VALUES('450','Sys_model/Class/class_list?modelid=57','管理分类','1','1','','','Sys_model','Class','class_list','modelid=57','0','43','4');
INSERT INTO `cow_auth_rule` VALUES('451','Sys_model/Class/class_add?modelid=57','添加分类','1','1','','','Sys_model','Class','class_add','modelid=57','0','43','5');
INSERT INTO `cow_auth_rule` VALUES('452','Sys_model/Class/class_del?modelid=57','删除分类','1','1','','','Sys_model','Class','class_del','modelid=57','0','43','6');
INSERT INTO `cow_auth_rule` VALUES('453','Sys_model/Class/class_edit?modelid=57','编辑分类','1','1','','','Sys_model','Class','class_edit','modelid=57','0','43','7');
INSERT INTO `cow_auth_rule` VALUES('454','Field/Field/field_list?modelid=57','字段管理','1','1','','','Field','Field','field_list','modelid=57','0','43','8');
INSERT INTO `cow_auth_rule` VALUES('455','Field/Field/field_add?modelid=57','添加字段','1','1','','','Field','Field','field_add','modelid=57','0','43','9');
INSERT INTO `cow_auth_rule` VALUES('456','Field/Field/field_del?modelid=57','删除字段','1','1','','','Field','Field','field_del','modelid=57','0','43','10');
INSERT INTO `cow_auth_rule` VALUES('457','Field/Field/field_edit?modelid=57','编辑字段','1','1','','','Field','Field','field_edit','modelid=57','0','43','11');
INSERT INTO `cow_auth_rule` VALUES('766','Linkage/Admin/Linkage_list','联动:添加','1','1','','','Linkage','Admin','Linkage_list','','0','103','0');
INSERT INTO `cow_auth_rule` VALUES('767','Linkage/Admin/Linkage_edit','联动:编辑','1','1','','','Linkage','Admin','Linkage_edit','','0','103','1');
INSERT INTO `cow_auth_rule` VALUES('768','Linkage/Admin/Linkage_add','联动:添加','1','1','','','Linkage','Admin','Linkage_add','','0','103','2');
INSERT INTO `cow_auth_rule` VALUES('769','Linkage/Admin/Linkage_del','联动:删除','1','1','','','Linkage','Admin','Linkage_del','','0','103','3');
INSERT INTO `cow_auth_rule` VALUES('807','Shop/Admin/shop_list','店铺:预览','1','1','','','Shop','Admin','shop_list','','0','109','0');
INSERT INTO `cow_auth_rule` VALUES('808','Shop/Admin/shop_add','店铺:添加','1','1','','','Shop','Admin','shop_add','','0','109','1');
INSERT INTO `cow_auth_rule` VALUES('809','Shop/Admin/shop_edit','店铺:编辑','1','1','','','Shop','Admin','shop_edit','','0','109','2');
INSERT INTO `cow_auth_rule` VALUES('810','Shop/Admin/shop_del','店铺:删除','1','1','','','Shop','Admin','form_del','','0','109','3');
INSERT INTO `cow_auth_rule` VALUES('811','Shop/Admin/shop_category_list','店铺分类:预览','1','1','','','Shop','Admin','shop_category_list','','0','109','4');
INSERT INTO `cow_auth_rule` VALUES('812','Shop/Admin/shop_category_add','店铺分类:添加','1','1','','','Shop','Admin','shop_category_add','','0','109','5');
INSERT INTO `cow_auth_rule` VALUES('813','Shop/Admin/shop_category_edit','店铺分类:编辑','1','1','','','Shop','Admin','shop_category_edit','','0','109','6');
INSERT INTO `cow_auth_rule` VALUES('814','Shop/Admin/shop_category_del','店铺分类:删除','1','1','','','Shop','Admin','shop_category_del','','0','109','7');
INSERT INTO `cow_auth_rule` VALUES('815','Shop/Admin/allot_goods','分配商品','1','1','','','Shop','Admin','allot_goods','','0','109','8');
INSERT INTO `cow_auth_rule` VALUES('816','Shop/Admin/manage_goods','管理商品','1','1','','','Shop','Admin','manage_goods','','0','109','9');
INSERT INTO `cow_auth_rule` VALUES('817','Shop/Admin/goods_del','删除商品','1','1','','','Shop','Admin','goods_del','','0','109','10');
INSERT INTO `cow_auth_rule` VALUES('818','Shop/Admin/inventory_list','库存明细','1','1','','','Shop','Admin','inventory_list','','0','109','11');
INSERT INTO `cow_auth_rule` VALUES('819','Shop/Admin/goods_allot_add','管理库存','1','1','','','Shop','Admin','goods_allot_add','','0','109','12');
INSERT INTO `cow_auth_rule` VALUES('820','Shop/Admin/goods_set_price','设置价格','1','1','','','Shop','Admin','goods_set_price','','0','109','13');
INSERT INTO `cow_auth_rule` VALUES('821','Shop/Sell/index','管理店铺','1','1','','','Shop','Sell','index','','0','110','0');
INSERT INTO `cow_auth_rule` VALUES('822','Shop/Consume/index','出售产品','1','1','','','Shop','Consume','index','','0','110','1');
INSERT INTO `cow_auth_rule` VALUES('823','Shop/Sell/alter_shop_info','修改店铺','1','1','','','Shop','Sell','alter_shop_info','','0','110','2');
INSERT INTO `cow_auth_rule` VALUES('824','Shop/Sell/select_color','店铺模板','1','1','','','Shop','Sell','select_color','','0','110','3');
INSERT INTO `cow_auth_rule` VALUES('825','Shop/Sell/order_list','我的订单','1','1','','','Shop','Sell','order_list','','0','110','4');
INSERT INTO `cow_auth_rule` VALUES('923','Chat/Setting/website_settings','直播设置','1','1','','','Chat','Setting','website_settings','','0','124','0');
INSERT INTO `cow_auth_rule` VALUES('924','Chat/Setting/Setting','账户配置','1','1','','','Chat','Setting','Setting','','0','124','1');
INSERT INTO `cow_auth_rule` VALUES('925','Chat/Admin/face_list','表情:预览','1','1','','','Chat','Admin','face_list','','0','124','2');
INSERT INTO `cow_auth_rule` VALUES('926','Chat/Admin/face_add','表情:添加','1','1','','','Chat','Admin','face_add','','0','124','3');
INSERT INTO `cow_auth_rule` VALUES('927','Chat/Admin/face_edit','表情:编辑','1','1','','','Chat','Admin','face_edit','','0','124','4');
INSERT INTO `cow_auth_rule` VALUES('928','Chat/Admin/face_del','表情:删除','1','1','','','Chat','Admin','face_del','','0','124','5');
INSERT INTO `cow_auth_rule` VALUES('929','Chat/Admin/menu_list','分类:预览','1','1','','','Chat','Admin','menu_list','','0','124','6');
INSERT INTO `cow_auth_rule` VALUES('930','Chat/Admin/menu_add','分类:添加','1','1','','','Chat','Admin','menu_add','','0','124','7');
INSERT INTO `cow_auth_rule` VALUES('931','Chat/Admin/menu_edit','分类:编辑','1','1','','','Chat','Admin','menu_edit','','0','124','8');
INSERT INTO `cow_auth_rule` VALUES('932','Chat/Admin/menu_del','分类:删除','1','1','','','Chat','Admin','menu_del','','0','124','9');
INSERT INTO `cow_auth_rule` VALUES('933','Chat/Admin/gift_list','礼物:预览','1','1','','','Chat','Admin','gift_list','','0','124','10');
INSERT INTO `cow_auth_rule` VALUES('934','Chat/Admin/gift_add','礼物:添加','1','1','','','Chat','Admin','gift_add','','0','124','11');
INSERT INTO `cow_auth_rule` VALUES('935','Chat/Admin/gift_edit','礼物:编辑','1','1','','','Chat','Admin','gift_edit','','0','124','12');
INSERT INTO `cow_auth_rule` VALUES('936','Chat/Admin/gift_del','礼物:删除','1','1','','','Chat','Admin','gift_del','','0','124','13');
INSERT INTO `cow_auth_rule` VALUES('937','Chat/Admin/chat_list','房间:预览','1','1','','','Chat','Admin','gift_list','','0','124','10');
INSERT INTO `cow_auth_rule` VALUES('938','Chat/Admin/chat_edit','房间:编辑','1','1','','','Chat','Admin','gift_edit','','0','124','12');
INSERT INTO `cow_auth_rule` VALUES('939','Chat/Admin/chat_del','放假:删除','1','1','','','Chat','Admin','gift_del','','0','124','13');
INSERT INTO `cow_auth_rule` VALUES('940','Chat/user/direct_live','直播管理','1','1','','','Chat','user','direct_live','','0','125','0');
INSERT INTO `cow_auth_rule` VALUES('941','Chat/user/application','房间:申请','1','1','','','Chat','user','application','','0','125','1');
INSERT INTO `cow_auth_rule` VALUES('980','Sys_model/Index/verify?modelid=65','信息审核','1','1','','','Sys_model','Index','verify','modelid=65','0','130','3');
INSERT INTO `cow_auth_rule` VALUES('981','Sys_model/Class/class_list?modelid=65','管理分类','1','1','','','Sys_model','Class','class_list','modelid=65','0','130','4');
INSERT INTO `cow_auth_rule` VALUES('982','Sys_model/Class/class_add?modelid=65','添加分类','1','1','','','Sys_model','Class','class_add','modelid=65','0','130','5');
INSERT INTO `cow_auth_rule` VALUES('983','Sys_model/Class/class_del?modelid=65','删除分类','1','1','','','Sys_model','Class','class_del','modelid=65','0','130','6');
INSERT INTO `cow_auth_rule` VALUES('984','Sys_model/Class/class_edit?modelid=65','编辑分类','1','1','','','Sys_model','Class','class_edit','modelid=65','0','130','7');
INSERT INTO `cow_auth_rule` VALUES('985','Field/Field/field_list?modelid=65','字段管理','1','1','','','Field','Field','field_list','modelid=65','0','130','8');
INSERT INTO `cow_auth_rule` VALUES('986','Field/Field/field_add?modelid=65','添加字段','1','1','','','Field','Field','field_add','modelid=65','0','130','9');
INSERT INTO `cow_auth_rule` VALUES('987','Field/Field/field_del?modelid=65','删除字段','1','1','','','Field','Field','field_del','modelid=65','0','130','10');
INSERT INTO `cow_auth_rule` VALUES('988','Field/Field/field_edit?modelid=65','编辑字段','1','1','','','Field','Field','field_edit','modelid=65','0','130','11');
INSERT INTO `cow_auth_rule` VALUES('990','Goods/Goods/goods_list?modelid=66','内容管理','1','1','','','Goods','Goods','goods_list','modelid=66','0','131','0');
INSERT INTO `cow_auth_rule` VALUES('991','Goods/Goods/goods_add?modelid=66','添加信息','1','1','','','Goods','Goods','goods_add','modelid=66','0','131','1');
INSERT INTO `cow_auth_rule` VALUES('992','Goods/Goods/goods_del?modelid=66','删除信息','1','1','','','Goods','Goods','goods_del','modelid=66','0','131','2');
INSERT INTO `cow_auth_rule` VALUES('993','Goods/Goods/goods_edit?modelid=66','编辑信息','1','1','','','Goods','Goods','goods_edit','modelid=66','0','131','3');
INSERT INTO `cow_auth_rule` VALUES('994','Sys_model/Index/verify?modelid=66','信息审核','1','1','','','Sys_model','Index','verify','modelid=66','0','131','3');
INSERT INTO `cow_auth_rule` VALUES('995','Sys_model/Class/class_list?modelid=66','管理分类','1','1','','','Sys_model','Class','class_list','modelid=66','0','131','4');
INSERT INTO `cow_auth_rule` VALUES('996','Sys_model/Class/class_add?modelid=66','添加分类','1','1','','','Sys_model','Class','class_add','modelid=66','0','131','5');
INSERT INTO `cow_auth_rule` VALUES('997','Sys_model/Class/class_del?modelid=66','删除分类','1','1','','','Sys_model','Class','class_del','modelid=66','0','131','6');
INSERT INTO `cow_auth_rule` VALUES('998','Sys_model/Class/class_edit?modelid=66','编辑分类','1','1','','','Sys_model','Class','class_edit','modelid=66','0','131','7');
INSERT INTO `cow_auth_rule` VALUES('999','Field/Field/field_list?modelid=66','字段管理','1','1','','','Field','Field','field_list','modelid=66','0','131','8');
INSERT INTO `cow_auth_rule` VALUES('1000','Field/Field/field_add?modelid=66','添加字段','1','1','','','Field','Field','field_add','modelid=66','0','131','9');
INSERT INTO `cow_auth_rule` VALUES('1001','Field/Field/field_del?modelid=66','删除字段','1','1','','','Field','Field','field_del','modelid=66','0','131','10');
INSERT INTO `cow_auth_rule` VALUES('1002','Field/Field/field_edit?modelid=66','编辑字段','1','1','','','Field','Field','field_edit','modelid=66','0','131','11');
INSERT INTO `cow_auth_rule` VALUES('1003','Goods/Goods/all_inventory_list?modelid=66','库存管理','1','1','','','Goods','Goods','all_inventory_list','modelid=66','0','131','12');
INSERT INTO `cow_auth_rule` VALUES('1021','article/aticle/article_list?modelid=69','内容管理','1','1','','','article','aticle','article_list','modelid=69','0','134','0');
INSERT INTO `cow_auth_rule` VALUES('1022','article/aticle/article_add?modelid=69','添加信息','1','1','','','article','aticle','article_add','modelid=69','0','134','1');
INSERT INTO `cow_auth_rule` VALUES('1023','article/aticle/article_del?modelid=69','删除信息','1','1','','','article','aticle','article_del','modelid=69','0','134','2');
INSERT INTO `cow_auth_rule` VALUES('1024','article/aticle/article_edit?modelid=69','编辑信息','1','1','','','article','aticle','article_edit','modelid=69','0','134','3');
INSERT INTO `cow_auth_rule` VALUES('1025','Sys_model/Index/verify?modelid=69','信息审核','1','1','','','Sys_model','Index','verify','modelid=69','0','134','3');
INSERT INTO `cow_auth_rule` VALUES('1026','Sys_model/Class/class_list?modelid=69','管理分类','1','1','','','Sys_model','Class','class_list','modelid=69','0','134','4');
INSERT INTO `cow_auth_rule` VALUES('1027','Sys_model/Class/class_add?modelid=69','添加分类','1','1','','','Sys_model','Class','class_add','modelid=69','0','134','5');
INSERT INTO `cow_auth_rule` VALUES('1028','Sys_model/Class/class_del?modelid=69','删除分类','1','1','','','Sys_model','Class','class_del','modelid=69','0','134','6');
INSERT INTO `cow_auth_rule` VALUES('1029','Sys_model/Class/class_edit?modelid=69','编辑分类','1','1','','','Sys_model','Class','class_edit','modelid=69','0','134','7');
INSERT INTO `cow_auth_rule` VALUES('1030','Field/Field/field_list?modelid=69','字段管理','1','1','','','Field','Field','field_list','modelid=69','0','134','8');
INSERT INTO `cow_auth_rule` VALUES('1031','Field/Field/field_add?modelid=69','添加字段','1','1','','','Field','Field','field_add','modelid=69','0','134','9');
INSERT INTO `cow_auth_rule` VALUES('1032','Field/Field/field_del?modelid=69','删除字段','1','1','','','Field','Field','field_del','modelid=69','0','134','10');
INSERT INTO `cow_auth_rule` VALUES('1033','Field/Field/field_edit?modelid=69','编辑字段','1','1','','','Field','Field','field_edit','modelid=69','0','134','11');
INSERT INTO `cow_auth_rule` VALUES('1034','Packets/Admin/packets_list','红包预览','1','1','','','Packets','Admin','packets_list','','0','135','0');
INSERT INTO `cow_auth_rule` VALUES('1035','Packets/Admin/packets_add','红包添加','1','1','','','Packets','Admin','packets_add','','0','135','1');
INSERT INTO `cow_auth_rule` VALUES('1036','Packets/Admin/packets_edit','红包编辑','1','1','','','Packets','Admin','packets_edit','','0','135','2');
INSERT INTO `cow_auth_rule` VALUES('1037','Packets/Admin/packets_del','红包删除','1','1','','','Packets','Admin','packets_del','','0','135','3');
INSERT INTO `cow_auth_rule` VALUES('1054','Collector/Project/project_list','采集项目','1','1','','','Collector','Project','project_list','','0','140','0');
INSERT INTO `cow_auth_rule` VALUES('1055','Collector/Setting/project_setting','配置项目','1','1','','','Collector','Setting','project_setting','','0','140','1');
INSERT INTO `cow_auth_rule` VALUES('1056','Advert/Admin/advert_type_list','广告位：预览','1','1','','','Advert','Admin','advert_type_list','','0','141','0');
INSERT INTO `cow_auth_rule` VALUES('1057','Advert/Admin/advert_type_add','广告位：添加','1','1','','','Advert','Admin','advert_type_add','','0','141','1');
INSERT INTO `cow_auth_rule` VALUES('1058','Advert/Admin/advert_type_edit','广告位：编辑','1','1','','','Advert','Admin','advert_type_edit','','0','141','2');
INSERT INTO `cow_auth_rule` VALUES('1059','Advert/Admin/advert_type_del','广告位：删除','1','1','','','Advert','Admin','advert_type_del','','0','141','3');
INSERT INTO `cow_auth_rule` VALUES('1060','Advert/Admin/advert_list','广告：添加','1','1','','','Advert','Admin','advert_list','','0','141','4');
INSERT INTO `cow_auth_rule` VALUES('1061','Advert/Admin/advert_add','广告：添加','1','1','','','Advert','Admin','advert_add','','0','141','5');
INSERT INTO `cow_auth_rule` VALUES('1062','Advert/Admin/advert_edit','广告：编辑','1','1','','','Advert','Admin','advert_edit','','0','141','6');
INSERT INTO `cow_auth_rule` VALUES('1063','Advert/Admin/advert_del','广告：删除','1','1','','','Advert','Admin','advert_del','','0','141','7');
INSERT INTO `cow_auth_rule` VALUES('1073','Games/Setting/setting','游戏设置','1','1','','','Games','Setting','setting','','0','160','0');
INSERT INTO `cow_auth_rule` VALUES('1074','Games/Admin/games_list','游戏列表','1','1','','','Games','Admin','games_list','','0','160','1');
INSERT INTO `cow_auth_rule` VALUES('1075','Games/Class/class_list','游戏分类','1','1','','','Games','Class','class_list','','0','160','2');
INSERT INTO `cow_auth_rule` VALUES('1076','article/aticle/article_list?modelid=70','内容管理','1','1','','','article','aticle','article_list','modelid=70','0','161','0');
INSERT INTO `cow_auth_rule` VALUES('1077','article/aticle/article_add?modelid=70','添加信息','1','1','','','article','aticle','article_add','modelid=70','0','161','1');
INSERT INTO `cow_auth_rule` VALUES('1078','article/aticle/article_del?modelid=70','删除信息','1','1','','','article','aticle','article_del','modelid=70','0','161','2');
INSERT INTO `cow_auth_rule` VALUES('1079','article/aticle/article_edit?modelid=70','编辑信息','1','1','','','article','aticle','article_edit','modelid=70','0','161','3');
INSERT INTO `cow_auth_rule` VALUES('1080','Sys_model/Index/verify?modelid=70','信息审核','1','1','','','Sys_model','Index','verify','modelid=70','0','161','3');
INSERT INTO `cow_auth_rule` VALUES('1081','Sys_model/Class/class_list?modelid=70','管理分类','1','1','','','Sys_model','Class','class_list','modelid=70','0','161','4');
INSERT INTO `cow_auth_rule` VALUES('1082','Sys_model/Class/class_add?modelid=70','添加分类','1','1','','','Sys_model','Class','class_add','modelid=70','0','161','5');
INSERT INTO `cow_auth_rule` VALUES('1083','Sys_model/Class/class_del?modelid=70','删除分类','1','1','','','Sys_model','Class','class_del','modelid=70','0','161','6');
INSERT INTO `cow_auth_rule` VALUES('1084','Sys_model/Class/class_edit?modelid=70','编辑分类','1','1','','','Sys_model','Class','class_edit','modelid=70','0','161','7');
INSERT INTO `cow_auth_rule` VALUES('1085','Field/Field/field_list?modelid=70','字段管理','1','1','','','Field','Field','field_list','modelid=70','0','161','8');
INSERT INTO `cow_auth_rule` VALUES('1086','Field/Field/field_add?modelid=70','添加字段','1','1','','','Field','Field','field_add','modelid=70','0','161','9');
INSERT INTO `cow_auth_rule` VALUES('1087','Field/Field/field_del?modelid=70','删除字段','1','1','','','Field','Field','field_del','modelid=70','0','161','10');
INSERT INTO `cow_auth_rule` VALUES('1088','Field/Field/field_edit?modelid=70','编辑字段','1','1','','','Field','Field','field_edit','modelid=70','0','161','11');
INSERT INTO `cow_auth_rule` VALUES('1089','article/aticle/article_list?modelid=71','内容管理','1','1','','','article','aticle','article_list','modelid=71','0','162','0');
INSERT INTO `cow_auth_rule` VALUES('1090','article/aticle/article_add?modelid=71','添加信息','1','1','','','article','aticle','article_add','modelid=71','0','162','1');
INSERT INTO `cow_auth_rule` VALUES('1091','article/aticle/article_del?modelid=71','删除信息','1','1','','','article','aticle','article_del','modelid=71','0','162','2');
INSERT INTO `cow_auth_rule` VALUES('1092','article/aticle/article_edit?modelid=71','编辑信息','1','1','','','article','aticle','article_edit','modelid=71','0','162','3');
INSERT INTO `cow_auth_rule` VALUES('1093','Sys_model/Index/verify?modelid=71','信息审核','1','1','','','Sys_model','Index','verify','modelid=71','0','162','3');
INSERT INTO `cow_auth_rule` VALUES('1094','Sys_model/Class/class_list?modelid=71','管理分类','1','1','','','Sys_model','Class','class_list','modelid=71','0','162','4');
INSERT INTO `cow_auth_rule` VALUES('1095','Sys_model/Class/class_add?modelid=71','添加分类','1','1','','','Sys_model','Class','class_add','modelid=71','0','162','5');
INSERT INTO `cow_auth_rule` VALUES('1096','Sys_model/Class/class_del?modelid=71','删除分类','1','1','','','Sys_model','Class','class_del','modelid=71','0','162','6');
INSERT INTO `cow_auth_rule` VALUES('1097','Sys_model/Class/class_edit?modelid=71','编辑分类','1','1','','','Sys_model','Class','class_edit','modelid=71','0','162','7');
INSERT INTO `cow_auth_rule` VALUES('1098','Field/Field/field_list?modelid=71','字段管理','1','1','','','Field','Field','field_list','modelid=71','0','162','8');
INSERT INTO `cow_auth_rule` VALUES('1099','Field/Field/field_add?modelid=71','添加字段','1','1','','','Field','Field','field_add','modelid=71','0','162','9');
INSERT INTO `cow_auth_rule` VALUES('1100','Field/Field/field_del?modelid=71','删除字段','1','1','','','Field','Field','field_del','modelid=71','0','162','10');
INSERT INTO `cow_auth_rule` VALUES('1101','Field/Field/field_edit?modelid=71','编辑字段','1','1','','','Field','Field','field_edit','modelid=71','0','162','11');
INSERT INTO `cow_auth_rule` VALUES('1102','article/aticle/article_list?modelid=72','内容管理','1','1','','','article','aticle','article_list','modelid=72','0','163','0');
INSERT INTO `cow_auth_rule` VALUES('1103','article/aticle/article_add?modelid=72','添加信息','1','1','','','article','aticle','article_add','modelid=72','0','163','1');
INSERT INTO `cow_auth_rule` VALUES('1104','article/aticle/article_del?modelid=72','删除信息','1','1','','','article','aticle','article_del','modelid=72','0','163','2');
INSERT INTO `cow_auth_rule` VALUES('1105','article/aticle/article_edit?modelid=72','编辑信息','1','1','','','article','aticle','article_edit','modelid=72','0','163','3');
INSERT INTO `cow_auth_rule` VALUES('1106','Sys_model/Index/verify?modelid=72','信息审核','1','1','','','Sys_model','Index','verify','modelid=72','0','163','3');
INSERT INTO `cow_auth_rule` VALUES('1107','Sys_model/Class/class_list?modelid=72','管理分类','1','1','','','Sys_model','Class','class_list','modelid=72','0','163','4');
INSERT INTO `cow_auth_rule` VALUES('1108','Sys_model/Class/class_add?modelid=72','添加分类','1','1','','','Sys_model','Class','class_add','modelid=72','0','163','5');
INSERT INTO `cow_auth_rule` VALUES('1109','Sys_model/Class/class_del?modelid=72','删除分类','1','1','','','Sys_model','Class','class_del','modelid=72','0','163','6');
INSERT INTO `cow_auth_rule` VALUES('1110','Sys_model/Class/class_edit?modelid=72','编辑分类','1','1','','','Sys_model','Class','class_edit','modelid=72','0','163','7');
INSERT INTO `cow_auth_rule` VALUES('1111','Field/Field/field_list?modelid=72','字段管理','1','1','','','Field','Field','field_list','modelid=72','0','163','8');
INSERT INTO `cow_auth_rule` VALUES('1112','Field/Field/field_add?modelid=72','添加字段','1','1','','','Field','Field','field_add','modelid=72','0','163','9');
INSERT INTO `cow_auth_rule` VALUES('1113','Field/Field/field_del?modelid=72','删除字段','1','1','','','Field','Field','field_del','modelid=72','0','163','10');
INSERT INTO `cow_auth_rule` VALUES('1114','Field/Field/field_edit?modelid=72','编辑字段','1','1','','','Field','Field','field_edit','modelid=72','0','163','11');
--
-- 表的结构cow_auth_rule_class
--

DROP TABLE IF EXISTS `cow_auth_rule_class`;
CREATE TABLE `cow_auth_rule_class` (
  `id` mediumint(8) unsigned NOT NULL AUTO_INCREMENT,
  `title` char(20) NOT NULL DEFAULT '',
  `parent_id` int(11) NOT NULL DEFAULT '0',
  `type` varchar(50) DEFAULT NULL COMMENT '分类类型，显示区分',
  `sort_num` int(10) unsigned DEFAULT '0' COMMENT '类分排序',
  `model_id` int(11) unsigned DEFAULT NULL COMMENT '所在模型的id',
  `sign` varchar(20) DEFAULT NULL COMMENT '模块标识',
  PRIMARY KEY (`id`)
) ENGINE=MyISAM AUTO_INCREMENT=164 DEFAULT CHARSET=utf8;

--
-- 转存表中的数据 cow_auth_rule_class
--

INSERT INTO `cow_auth_rule_class` VALUES('4','设置','0','admin','1','','');
INSERT INTO `cow_auth_rule_class` VALUES('5','模块','0','admin','2','','');
INSERT INTO `cow_auth_rule_class` VALUES('6','内容','0','admin','3','','');
INSERT INTO `cow_auth_rule_class` VALUES('13','微信','0','admin','0','','');
INSERT INTO `cow_auth_rule_class` VALUES('14','会员','0','admin','4','','');
INSERT INTO `cow_auth_rule_class` VALUES('15','订单','0','admin','7','','');
INSERT INTO `cow_auth_rule_class` VALUES('30','站内公告系统','0','admin','0','43','');
INSERT INTO `cow_auth_rule_class` VALUES('38','资金','0','admin','0','','');
INSERT INTO `cow_auth_rule_class` VALUES('43','直播新闻系统系统','0','admin','0','57','');
INSERT INTO `cow_auth_rule_class` VALUES('103','联动菜单','0','admin','0','','Linkage');
INSERT INTO `cow_auth_rule_class` VALUES('109','商家:管理员','0','admin','0','','Shop');
INSERT INTO `cow_auth_rule_class` VALUES('110','商家:会员','0','user','0','','Shop');
INSERT INTO `cow_auth_rule_class` VALUES('124','直播:管理员','0','admin','0','','Chat');
INSERT INTO `cow_auth_rule_class` VALUES('125','直播:会员组','0','user','0','','Chat');
INSERT INTO `cow_auth_rule_class` VALUES('131','商城系统','0','admin','0','66','');
INSERT INTO `cow_auth_rule_class` VALUES('134','团购系统','0','admin','0','69','');
INSERT INTO `cow_auth_rule_class` VALUES('135','红包系统','0','admin','0','','Packets');
INSERT INTO `cow_auth_rule_class` VALUES('140','采集器','0','admin','0','','Collector');
INSERT INTO `cow_auth_rule_class` VALUES('141','广告','0','admin','0','','Advert');
INSERT INTO `cow_auth_rule_class` VALUES('142','游戏：管理员','0','admin','0','','Game');
INSERT INTO `cow_auth_rule_class` VALUES('143','游戏：管理员','0','admin','0','','Game');
INSERT INTO `cow_auth_rule_class` VALUES('144','游戏：管理员','0','admin','0','','Game');
INSERT INTO `cow_auth_rule_class` VALUES('145','游戏：管理员','0','admin','0','','Game');
INSERT INTO `cow_auth_rule_class` VALUES('153','微信:管理员','0','admin','0','','Wechat');
INSERT INTO `cow_auth_rule_class` VALUES('154','站内短信：管理员','0','admin','0','','Message');
INSERT INTO `cow_auth_rule_class` VALUES('160','游戏：管理员','0','admin','0','','Games');
INSERT INTO `cow_auth_rule_class` VALUES('161','游戏公告系统','0','admin','0','70','');
INSERT INTO `cow_auth_rule_class` VALUES('162','明花麻将系统','0','admin','0','71','');
INSERT INTO `cow_auth_rule_class` VALUES('163','单一信息系统','0','admin','0','72','');
--
-- 表的结构cow_cart
--

DROP TABLE IF EXISTS `cow_cart`;
CREATE TABLE `cow_cart` (
  `id` int(11) NOT NULL AUTO_INCREMENT,
  `user_id` int(11) DEFAULT NULL COMMENT '用户id',
  `goods_id` int(11) DEFAULT NULL COMMENT '商品id',
  `goods_num` int(11) DEFAULT '0' COMMENT '商品数量',
  `model_id` int(11) DEFAULT NULL,
  `shop_id` int(11) DEFAULT NULL COMMENT '店铺id',
  `air` int(11) unsigned DEFAULT '1' COMMENT '是否虚拟 1 虚拟  2实体',
  `is_shop_card` tinyint(1) unsigned DEFAULT '0' COMMENT '1表示从店铺刷卡，0从网页直接购买',
  `other` varchar(255) DEFAULT NULL COMMENT '其他字段，如属性等',
  PRIMARY KEY (`id`)
) ENGINE=MyISAM AUTO_INCREMENT=4 DEFAULT CHARSET=utf8;

--
-- 转存表中的数据 cow_cart
--

--
-- 表的结构cow_chat_article
--

DROP TABLE IF EXISTS `cow_chat_article`;
CREATE TABLE `cow_chat_article` (
  `id` int(11) unsigned NOT NULL AUTO_INCREMENT,
  `title` varchar(255) NOT NULL DEFAULT '0' COMMENT '请输入文字标题',
  `class_id` int(10) unsigned DEFAULT '0' COMMENT '分类',
  `description` text COMMENT '内容简短说明',
  `content` text COMMENT '请输入内容',
  `addtime` int(11) DEFAULT '0' COMMENT '添加日期',
  `thumb` varchar(255) DEFAULT '0' COMMENT '缩略图',
  `autho_id` int(10) unsigned NOT NULL DEFAULT '0' COMMENT '发布人ID',
  `autho_admin` varchar(255) NOT NULL DEFAULT '0' COMMENT '用户类型',
  `price` float(15,2) DEFAULT '0.00' COMMENT '浏览价格',
  `verify` int(11) NOT NULL DEFAULT '0' COMMENT '  ',
  `show_property` varchar(255) DEFAULT '0' COMMENT '显示属性',
  PRIMARY KEY (`id`)
) ENGINE=MyISAM AUTO_INCREMENT=10 DEFAULT CHARSET=utf8;

--
-- 转存表中的数据 cow_chat_article
--

INSERT INTO `cow_chat_article` VALUES('6','皇子玩瞎子吧电脑烧坏？','198','皇子玩瞎子吧电脑烧坏？','<p>皇子玩瞎子吧电脑烧坏？</p>\r\n','1479364738','','1','admin','0.00','99','2,4,5,3,1');
INSERT INTO `cow_chat_article` VALUES('7','皇子的皇子不行了？','191','皇子的皇子不行了？','<p>皇子的皇子不行了？</p>\r\n','1479365628','','1','admin','0.00','99','2');
INSERT INTO `cow_chat_article` VALUES('9','皇子','198','皇子','<p>皇子</p>\r\n','1479454524','','1','admin','0.00','99','');
--
-- 表的结构cow_chat_class
--

DROP TABLE IF EXISTS `cow_chat_class`;
CREATE TABLE `cow_chat_class` (
  `id` int(11) unsigned NOT NULL AUTO_INCREMENT COMMENT '分类id',
  `name` varchar(100) DEFAULT NULL COMMENT '分类名称',
  `parent_id` int(11) unsigned DEFAULT '0' COMMENT '上级目录id',
  `sort` int(10) unsigned DEFAULT NULL COMMENT '分类的排序',
  `status` tinyint(11) unsigned DEFAULT NULL COMMENT '是否开启，1开启 0关闭',
  PRIMARY KEY (`id`)
) ENGINE=MyISAM AUTO_INCREMENT=32 DEFAULT CHARSET=utf8;

--
-- 转存表中的数据 cow_chat_class
--

INSERT INTO `cow_chat_class` VALUES('23','娱乐','0','0','1');
INSERT INTO `cow_chat_class` VALUES('24','游戏','0','0','1');
INSERT INTO `cow_chat_class` VALUES('25','脱口秀','0','0','1');
INSERT INTO `cow_chat_class` VALUES('26','舞蹈','0','0','1');
INSERT INTO `cow_chat_class` VALUES('27','交友','23','0','1');
INSERT INTO `cow_chat_class` VALUES('28','游戏','23','0','1');
INSERT INTO `cow_chat_class` VALUES('29','美食','23','0','1');
INSERT INTO `cow_chat_class` VALUES('30','川菜','29','0','1');
INSERT INTO `cow_chat_class` VALUES('31','稀饭','30','0','1');
--
-- 表的结构cow_chat_concern
--

DROP TABLE IF EXISTS `cow_chat_concern`;
CREATE TABLE `cow_chat_concern` (
  `id` int(11) unsigned NOT NULL AUTO_INCREMENT COMMENT '关注id',
  `from_userid` int(11) unsigned DEFAULT '0' COMMENT '关注人的用户ID',
  `to_userid` int(11) unsigned DEFAULT '0' COMMENT '被关注用户ID',
  `addtime` int(11) unsigned DEFAULT '0' COMMENT '关注时间',
  `property` tinyint(1) unsigned DEFAULT '0' COMMENT '关注属性，0普通，1置顶',
  PRIMARY KEY (`id`)
) ENGINE=MyISAM DEFAULT CHARSET=utf8;

--
-- 转存表中的数据 cow_chat_concern
--

--
-- 表的结构cow_chat_face
--

DROP TABLE IF EXISTS `cow_chat_face`;
CREATE TABLE `cow_chat_face` (
  `id` int(11) unsigned NOT NULL AUTO_INCREMENT COMMENT 'biaoqing类别id',
  `title` varchar(255) DEFAULT NULL COMMENT '表情类别名称',
  `path` varchar(255) DEFAULT NULL COMMENT '标签路径',
  `allow_group` varchar(255) DEFAULT NULL COMMENT '允许会员组,多个会员组用,隔开',
  PRIMARY KEY (`id`)
) ENGINE=MyISAM AUTO_INCREMENT=13 DEFAULT CHARSET=utf8;

--
-- 转存表中的数据 cow_chat_face
--

--
-- 表的结构cow_chat_gift
--

DROP TABLE IF EXISTS `cow_chat_gift`;
CREATE TABLE `cow_chat_gift` (
  `id` int(11) unsigned NOT NULL AUTO_INCREMENT COMMENT '礼物id',
  `title` varchar(100) DEFAULT NULL COMMENT '礼物名称',
  `status` tinyint(1) unsigned DEFAULT '0' COMMENT '礼物状态 0关闭 1开启',
  `describe` text COMMENT '礼物描述',
  `price` int(11) unsigned DEFAULT '0' COMMENT '礼物点数',
  `ico` varchar(255) DEFAULT NULL COMMENT '图标地址',
  `show_type` tinyint(1) unsigned DEFAULT '1' COMMENT '显示样式 1在当前房间显示 2在所以房间显示',
  `sort` int(11) unsigned DEFAULT '0' COMMENT '礼物排序',
  `show_interval` int(11) unsigned DEFAULT '0' COMMENT '礼包展示时长',
  `special` tinyint(2) unsigned DEFAULT '0' COMMENT '展示特性类型',
  PRIMARY KEY (`id`)
) ENGINE=MyISAM AUTO_INCREMENT=22 DEFAULT CHARSET=utf8;

--
-- 转存表中的数据 cow_chat_gift
--

INSERT INTO `cow_chat_gift` VALUES('21','111','1','111','10','/upload/user/1/1478157550_364907904.jpg','2','0','0','0');
--
-- 表的结构cow_chat_gift_record
--

DROP TABLE IF EXISTS `cow_chat_gift_record`;
CREATE TABLE `cow_chat_gift_record` (
  `id` int(11) unsigned NOT NULL AUTO_INCREMENT COMMENT '记录d',
  `gift_id` int(11) DEFAULT NULL COMMENT '礼物id',
  `from_user_id` int(11) unsigned DEFAULT '0' COMMENT '送礼用户id',
  `to_user_id` int(11) DEFAULT NULL COMMENT '接受礼物用户id',
  `num` int(11) unsigned DEFAULT '0' COMMENT '礼物数量',
  `room_id` int(11) unsigned DEFAULT '0' COMMENT '房间ID',
  `addtime` int(11) unsigned DEFAULT NULL COMMENT '添加日期',
  PRIMARY KEY (`id`)
) ENGINE=MyISAM AUTO_INCREMENT=1249 DEFAULT CHARSET=utf8;

--
-- 转存表中的数据 cow_chat_gift_record
--

INSERT INTO `cow_chat_gift_record` VALUES('1158','21','1','9','1','25','1482746318');
INSERT INTO `cow_chat_gift_record` VALUES('1159','21','1','9','1','25','1482746340');
INSERT INTO `cow_chat_gift_record` VALUES('1160','21','1','9','10','25','1482746400');
INSERT INTO `cow_chat_gift_record` VALUES('1161','21','1','9','10','25','1482746488');
INSERT INTO `cow_chat_gift_record` VALUES('1162','21','1','9','10','25','1482746497');
INSERT INTO `cow_chat_gift_record` VALUES('1163','21','1','9','10','25','1482746511');
INSERT INTO `cow_chat_gift_record` VALUES('1164','21','1','9','10','25','1482746520');
INSERT INTO `cow_chat_gift_record` VALUES('1165','21','1','9','10','25','1482746566');
INSERT INTO `cow_chat_gift_record` VALUES('1166','21','1','9','10','25','1482746629');
INSERT INTO `cow_chat_gift_record` VALUES('1167','21','1','1','1','24','1483002458');
INSERT INTO `cow_chat_gift_record` VALUES('1168','21','1','1','1','24','1483064342');
INSERT INTO `cow_chat_gift_record` VALUES('1169','21','1','1','30','24','1483064346');
INSERT INTO `cow_chat_gift_record` VALUES('1170','21','1','1','10','24','1483675739');
INSERT INTO `cow_chat_gift_record` VALUES('1171','21','1','1','30','24','1483675744');
INSERT INTO `cow_chat_gift_record` VALUES('1172','21','1','1','520','24','1483675746');
INSERT INTO `cow_chat_gift_record` VALUES('1173','21','1','1','66','24','1483675750');
INSERT INTO `cow_chat_gift_record` VALUES('1174','21','1','1','10','24','1483675765');
INSERT INTO `cow_chat_gift_record` VALUES('1175','21','1','1','66','24','1483675771');
INSERT INTO `cow_chat_gift_record` VALUES('1176','21','1','1','520','24','1483675824');
INSERT INTO `cow_chat_gift_record` VALUES('1177','21','1','1','66','24','1483675826');
INSERT INTO `cow_chat_gift_record` VALUES('1178','21','1','1','1','24','1483675834');
INSERT INTO `cow_chat_gift_record` VALUES('1179','21','1','1','10','24','1483675969');
INSERT INTO `cow_chat_gift_record` VALUES('1180','21','1','1','66','24','1483675972');
INSERT INTO `cow_chat_gift_record` VALUES('1181','21','1','1','66','24','1483675977');
INSERT INTO `cow_chat_gift_record` VALUES('1182','21','1','1','66','24','1483675986');
INSERT INTO `cow_chat_gift_record` VALUES('1183','21','1','1','520','24','1483676030');
INSERT INTO `cow_chat_gift_record` VALUES('1184','21','1','1','520','24','1483676076');
INSERT INTO `cow_chat_gift_record` VALUES('1185','21','1','1','30','24','1483676329');
INSERT INTO `cow_chat_gift_record` VALUES('1186','21','1','1','66','24','1483676332');
INSERT INTO `cow_chat_gift_record` VALUES('1187','21','1','1','520','24','1483676336');
INSERT INTO `cow_chat_gift_record` VALUES('1188','21','1','1','1314','24','1483676338');
INSERT INTO `cow_chat_gift_record` VALUES('1189','21','1','1','30','24','1483680990');
INSERT INTO `cow_chat_gift_record` VALUES('1190','21','1','1','10','24','1483685237');
INSERT INTO `cow_chat_gift_record` VALUES('1191','21','1','1','520','24','1483685239');
INSERT INTO `cow_chat_gift_record` VALUES('1192','21','1','1','30','24','1483685463');
INSERT INTO `cow_chat_gift_record` VALUES('1193','21','1','1','520','24','1483685468');
INSERT INTO `cow_chat_gift_record` VALUES('1194','21','1','1','10','24','1483685488');
INSERT INTO `cow_chat_gift_record` VALUES('1195','21','1','1','520','24','1483685491');
INSERT INTO `cow_chat_gift_record` VALUES('1196','21','1','1','10','24','1483685562');
INSERT INTO `cow_chat_gift_record` VALUES('1197','21','1','1','520','24','1483685565');
INSERT INTO `cow_chat_gift_record` VALUES('1198','21','1','1','520','24','1483685609');
INSERT INTO `cow_chat_gift_record` VALUES('1199','21','1','1','30','24','1483685659');
INSERT INTO `cow_chat_gift_record` VALUES('1200','21','1','1','520','24','1483685664');
INSERT INTO `cow_chat_gift_record` VALUES('1201','21','1','1','1','24','1483685700');
INSERT INTO `cow_chat_gift_record` VALUES('1202','21','1','1','520','24','1483685702');
INSERT INTO `cow_chat_gift_record` VALUES('1203','21','1','1','520','24','1483685730');
INSERT INTO `cow_chat_gift_record` VALUES('1204','21','1','1','520','24','1483685765');
INSERT INTO `cow_chat_gift_record` VALUES('1205','21','1','1','1314','24','1483685767');
INSERT INTO `cow_chat_gift_record` VALUES('1206','21','1','1','520','24','1483686997');
INSERT INTO `cow_chat_gift_record` VALUES('1207','21','1','1','10','24','1483687002');
INSERT INTO `cow_chat_gift_record` VALUES('1208','21','1','1','1','24','1483687024');
INSERT INTO `cow_chat_gift_record` VALUES('1209','21','1','1','10','24','1483687047');
INSERT INTO `cow_chat_gift_record` VALUES('1210','21','1','1','520','24','1483687051');
INSERT INTO `cow_chat_gift_record` VALUES('1211','21','1','1','66','24','1483687054');
INSERT INTO `cow_chat_gift_record` VALUES('1212','21','1','1','66','24','1483687054');
INSERT INTO `cow_chat_gift_record` VALUES('1213','21','1','1','66','24','1483687055');
INSERT INTO `cow_chat_gift_record` VALUES('1214','21','1','1','66','24','1483687055');
INSERT INTO `cow_chat_gift_record` VALUES('1215','21','1','1','66','24','1483687055');
INSERT INTO `cow_chat_gift_record` VALUES('1216','21','1','1','1314','24','1483687082');
INSERT INTO `cow_chat_gift_record` VALUES('1217','21','1','1','520','24','1483687084');
INSERT INTO `cow_chat_gift_record` VALUES('1218','21','1','1','10','24','1483687086');
INSERT INTO `cow_chat_gift_record` VALUES('1219','21','1','1','520','24','1483687088');
INSERT INTO `cow_chat_gift_record` VALUES('1220','21','1','1','520','24','1483687088');
INSERT INTO `cow_chat_gift_record` VALUES('1221','21','1','1','520','24','1483687088');
INSERT INTO `cow_chat_gift_record` VALUES('1222','21','1','1','520','24','1483687088');
INSERT INTO `cow_chat_gift_record` VALUES('1223','21','1','1','520','24','1483687089');
INSERT INTO `cow_chat_gift_record` VALUES('1224','21','1','1','520','24','1483687089');
INSERT INTO `cow_chat_gift_record` VALUES('1225','21','1','1','520','24','1483687089');
INSERT INTO `cow_chat_gift_record` VALUES('1226','21','1','1','520','24','1483687089');
INSERT INTO `cow_chat_gift_record` VALUES('1227','21','1','1','520','24','1483687089');
INSERT INTO `cow_chat_gift_record` VALUES('1228','21','1','1','520','24','1483687089');
INSERT INTO `cow_chat_gift_record` VALUES('1229','21','1','1','520','24','1483687090');
INSERT INTO `cow_chat_gift_record` VALUES('1230','21','1','1','520','24','1483687090');
INSERT INTO `cow_chat_gift_record` VALUES('1231','21','1','1','520','24','1483687090');
INSERT INTO `cow_chat_gift_record` VALUES('1232','21','1','1','520','24','1483687090');
INSERT INTO `cow_chat_gift_record` VALUES('1233','21','1','1','520','24','1483687090');
INSERT INTO `cow_chat_gift_record` VALUES('1234','21','1','1','520','24','1483687091');
INSERT INTO `cow_chat_gift_record` VALUES('1235','21','1','1','520','24','1483687091');
INSERT INTO `cow_chat_gift_record` VALUES('1236','21','1','1','520','24','1483687091');
INSERT INTO `cow_chat_gift_record` VALUES('1237','21','1','1','520','24','1483687091');
INSERT INTO `cow_chat_gift_record` VALUES('1238','21','17','1','1','24','1484902760');
INSERT INTO `cow_chat_gift_record` VALUES('1239','21','1','1','30','24','1487733352');
INSERT INTO `cow_chat_gift_record` VALUES('1240','21','1','1','520','24','1487733398');
INSERT INTO `cow_chat_gift_record` VALUES('1241','21','1','1','520','24','1487734875');
INSERT INTO `cow_chat_gift_record` VALUES('1242','21','1','1','1','24','1488889293');
INSERT INTO `cow_chat_gift_record` VALUES('1243','21','1','1','1','24','1488889399');
INSERT INTO `cow_chat_gift_record` VALUES('1244','21','1','1','1','24','1488889421');
INSERT INTO `cow_chat_gift_record` VALUES('1245','21','1','1','1','24','1488889818');
INSERT INTO `cow_chat_gift_record` VALUES('1246','21','1','1','1','24','1488890492');
INSERT INTO `cow_chat_gift_record` VALUES('1247','21','1','1','1','24','1488959282');
INSERT INTO `cow_chat_gift_record` VALUES('1248','21','171','171','10','49','1496384390');
--
-- 表的结构cow_chat_peoples
--

DROP TABLE IF EXISTS `cow_chat_peoples`;
CREATE TABLE `cow_chat_peoples` (
  `id` int(11) unsigned NOT NULL AUTO_INCREMENT,
  `cid` varchar(100) DEFAULT NULL COMMENT '第三方源id',
  `url` text COMMENT '第三方源链接',
  `room_id` int(11) unsigned DEFAULT '0' COMMENT '直播视频id',
  `user_id` int(11) unsigned DEFAULT '0' COMMENT '用户ID',
  `peoples_type` tinyint(1) unsigned DEFAULT '0' COMMENT '1为永久 0为临时',
  `add_time` int(11) unsigned DEFAULT NULL COMMENT '添加时间',
  PRIMARY KEY (`id`)
) ENGINE=MyISAM AUTO_INCREMENT=9 DEFAULT CHARSET=utf8;

--
-- 转存表中的数据 cow_chat_peoples
--

--
-- 表的结构cow_chat_room
--

DROP TABLE IF EXISTS `cow_chat_room`;
CREATE TABLE `cow_chat_room` (
  `id` int(11) unsigned NOT NULL AUTO_INCREMENT COMMENT '直播房间id',
  `title` varchar(100) DEFAULT NULL COMMENT '房间名称',
  `status` tinyint(1) unsigned DEFAULT '0' COMMENT '房间状态 0审核中，1通过审核，2关闭',
  `describe` text COMMENT '提示信息',
  `cid` text COMMENT '直播室对应通道ID',
  `user_id` int(11) unsigned DEFAULT NULL COMMENT '用户id',
  `class_id` int(11) unsigned DEFAULT '0' COMMENT '房间分类',
  `open_peoples` tinyint(1) unsigned DEFAULT '0' COMMENT '是否开启多人视频',
  `get_type` tinyint(1) unsigned DEFAULT '0' COMMENT '获麦方式0为自由获取1为申请获麦',
  `anchor_cover` varchar(255) DEFAULT NULL COMMENT '主播封面',
  `live_time` int(11) unsigned DEFAULT '0' COMMENT '直播时间',
  `add_time` int(11) unsigned DEFAULT '0' COMMENT '开通房间时间',
  `url` text COMMENT '存放直播链接',
  `show_type` tinyint(1) unsigned DEFAULT '1' COMMENT '手机横竖屏显示 0竖屏，1横屏 ',
  PRIMARY KEY (`id`)
) ENGINE=MyISAM AUTO_INCREMENT=50 DEFAULT CHARSET=utf8;

--
-- 转存表中的数据 cow_chat_room
--

INSERT INTO `cow_chat_room` VALUES('45','无所不及的鳕熊','0','无所不及的鳕熊','','30','25','0','0','/upload/user/30/1489646254_1392160342.jpg','0','1489646265','','1');
INSERT INTO `cow_chat_room` VALUES('46','搞笑二人转三丫','0','搞笑二人转三丫','','31','25','0','0','/upload/user/31/1489646283_694626752.jpg','0','1489646294','','1');
INSERT INTO `cow_chat_room` VALUES('44','搞笑唠嗑地主白','0','搞笑唠嗑地主白','','29','25','0','0','/upload/user/29/1489646227_44831436.jpg','0','1489646237','','1');
INSERT INTO `cow_chat_room` VALUES('42','妹妹教你怎么5杀','0','妹妹教你怎么5杀','','27','24','0','0','/upload/user/27/1489646026_61449510.jpg','0','1489646056','','1');
INSERT INTO `cow_chat_room` VALUES('27','农夫山泉有点悬','1','LOL第一坑','a:1:{i:1;s:16:\"A201612190000055\";}','1','30','1','0','/upload/user/10/1482117396_928033635.jpg','0','1482117524','','1');
INSERT INTO `cow_chat_room` VALUES('43','一起歌唱','0','一起歌唱','','28','23','0','0','/upload/user/28/1489646086_763205508.jpg','0','1489646103','','1');
INSERT INTO `cow_chat_room` VALUES('29','吹箫','1','阿克江都','a:1:{i:1;s:16:\"A201612190000059\";}','11','27','0','0','/upload/user/11/1482117519_578280907.jpg','0','1482117601','','1');
INSERT INTO `cow_chat_room` VALUES('33','因我今晚添了妆','1','因我今晚添了妆','','18','26','0','0','/upload/user/18/1489475333_632275655.jpg','0','1489475377','','1');
INSERT INTO `cow_chat_room` VALUES('34','汗水散发我身上','0','汗水散发我身上','','19','26','0','0','/upload/user/19/1489645482_211288442.jpg','0','1489645513','','1');
INSERT INTO `cow_chat_room` VALUES('35','也不须去抵挡','0','也不须去抵挡','','20','26','0','0','/upload/user/20/1489645535_1969061469.jpg','0','1489645563','','1');
INSERT INTO `cow_chat_room` VALUES('36','但现实混淆视野','0','但现实混淆视野','','21','26','0','0','/upload/user/21/1489645579_1036720961.jpg','0','1489645593','','1');
INSERT INTO `cow_chat_room` VALUES('37','lol在线','0','lol在线','','22','24','0','0','/upload/user/22/1489645664_1655959954.jpg','0','1489645687','','1');
INSERT INTO `cow_chat_room` VALUES('38','妹妹上单','0','妹妹上单','','23','24','0','0','/upload/user/23/1489645703_1294626175.jpg','0','1489645720','','1');
INSERT INTO `cow_chat_room` VALUES('39','开黑','0','开黑','','24','24','0','0','/upload/user/24/1489645737_745611501.jpg','0','1489645750','','1');
INSERT INTO `cow_chat_room` VALUES('40','我的笑怎么突然是雨后的阳光','0','我的笑怎么突然是雨后的阳光','','25','0','0','0','/upload/user/25/1489645873_331748643.png','0','1489645877','','1');
INSERT INTO `cow_chat_room` VALUES('41','竟让太多奢望像羽毛一样轻','0','竟让太多奢望像羽毛一样轻','','26','23','0','0','/upload/user/26/1489645890_865745459.jpg','0','1489645903','','1');
INSERT INTO `cow_chat_room` VALUES('47','情感主播小不点','0','情感主播小不点','a:1:{i:1;s:2:\"47\";}','32','25','0','0','/upload/user/32/1489646316_1176147645.jpg','0','1489646329','','1');
INSERT INTO `cow_chat_room` VALUES('48','qwe','1','qweqwe','','138','26','0','0','/upload/user/138/1491639677_1425135640.jpg','0','1491639693','','1');
INSERT INTO `cow_chat_room` VALUES('49','电饭锅','1','个人嘎','a:1:{i:1;s:2:\"49\";}','171','23','0','0','/upload/user/171/1495447616_234700110.gif','0','1495447636','','1');
--
-- 表的结构cow_collector_project
--

DROP TABLE IF EXISTS `cow_collector_project`;
CREATE TABLE `cow_collector_project` (
  `id` int(11) unsigned NOT NULL AUTO_INCREMENT,
  `title` varchar(255) DEFAULT NULL COMMENT '项目名称',
  `status` tinyint(1) unsigned DEFAULT NULL COMMENT '项目状态1开启0关闭',
  `user` varchar(255) DEFAULT NULL COMMENT '采集用户名',
  `pass` varchar(255) DEFAULT NULL COMMENT '密码',
  `num_min` int(11) unsigned DEFAULT '0' COMMENT '起始数值',
  `num_max` int(11) unsigned DEFAULT '0' COMMENT '结束数值',
  `page_interval` int(11) unsigned DEFAULT '0' COMMENT '页面间隔',
  `record_interval` int(11) unsigned DEFAULT '0' COMMENT '记录间隔',
  `is_login` tinyint(255) unsigned DEFAULT '0' COMMENT '是否需要登陆',
  `model_id` int(11) unsigned DEFAULT '0' COMMENT '模型ID',
  `url` text COMMENT '采集连接',
  `login_url` text COMMENT '登陆地址',
  `parm` varchar(255) DEFAULT NULL COMMENT '登陆其他参数',
  `charset` varchar(255) DEFAULT NULL COMMENT '采集编码',
  PRIMARY KEY (`id`)
) ENGINE=MyISAM AUTO_INCREMENT=9 DEFAULT CHARSET=utf8;

--
-- 转存表中的数据 cow_collector_project
--

INSERT INTO `cow_collector_project` VALUES('7','采集新闻','1','user=ceshi','pass=123456','0','1','0','2','0','43','http://www.chinanews.com/huaren.shtml','http://demo.cowcms.com/index.php/User/login/index.php','','GB2312');
INSERT INTO `cow_collector_project` VALUES('8','百姓生活网','1','','','1','5','50','3','0','43','http://taiyuan.baixing.com/gongren/?page={*}','','','UTF-8');
--
-- 表的结构cow_collector_url
--

DROP TABLE IF EXISTS `cow_collector_url`;
CREATE TABLE `cow_collector_url` (
  `id` int(11) unsigned NOT NULL AUTO_INCREMENT,
  `url` varchar(255) NOT NULL COMMENT '采集链接',
  `collector_id` int(11) DEFAULT NULL COMMENT '数据包名',
  `table` varchar(255) DEFAULT NULL COMMENT '数据包',
  `inserid` int(11) unsigned DEFAULT '0' COMMENT '采集记录id',
  PRIMARY KEY (`id`)
) ENGINE=MyISAM AUTO_INCREMENT=334 DEFAULT CHARSET=utf8;

--
-- 转存表中的数据 cow_collector_url
--

INSERT INTO `cow_collector_url` VALUES('326','http://www.chinanews.com/hr/2017/03-06/8166771.shtml','7','','0');
INSERT INTO `cow_collector_url` VALUES('327','http://www.chinanews.com/hr/2017/03-06/8166736.shtml','7','','0');
INSERT INTO `cow_collector_url` VALUES('328','http://www.chinanews.com/hr/2017/03-06/8166697.shtml','7','','0');
INSERT INTO `cow_collector_url` VALUES('329','http://www.chinanews.com/hr/2017/03-06/8166634.shtml','7','','0');
INSERT INTO `cow_collector_url` VALUES('330','http://www.chinanews.com/hr/2017/03-06/8166610.shtml','7','','0');
INSERT INTO `cow_collector_url` VALUES('331','http://www.chinanews.com/hr/2017/03-06/8166600.shtml','7','','0');
INSERT INTO `cow_collector_url` VALUES('332','http://www.chinanews.com/hr/2017/03-06/8166469.shtml','7','','0');
INSERT INTO `cow_collector_url` VALUES('333','http://www.chinanews.com/hr/2017/03-06/8166314.shtml','7','','0');
--
-- 表的结构cow_consignee
--

DROP TABLE IF EXISTS `cow_consignee`;
CREATE TABLE `cow_consignee` (
  `id` int(11) NOT NULL AUTO_INCREMENT,
  `user_id` int(11) DEFAULT NULL,
  `name` varchar(255) DEFAULT NULL,
  `consignee` varchar(255) DEFAULT NULL,
  `address` varchar(1000) DEFAULT NULL,
  `mobile` varchar(20) DEFAULT NULL,
  `area_id` int(11) DEFAULT NULL,
  `default` int(11) DEFAULT '0' COMMENT '是否默认地址 1为默认地址',
  PRIMARY KEY (`id`)
) ENGINE=MyISAM DEFAULT CHARSET=utf8;

--
-- 转存表中的数据 cow_consignee
--

--
-- 表的结构cow_expense_record
--

DROP TABLE IF EXISTS `cow_expense_record`;
CREATE TABLE `cow_expense_record` (
  `id` int(11) NOT NULL AUTO_INCREMENT,
  `start_time` int(11) DEFAULT NULL,
  `end_time` int(11) DEFAULT NULL,
  `expense_money` float DEFAULT NULL,
  `expense_time` int(11) DEFAULT NULL,
  PRIMARY KEY (`id`)
) ENGINE=MyISAM DEFAULT CHARSET=utf8;

--
-- 转存表中的数据 cow_expense_record
--

--
-- 表的结构cow_form_tem
--

DROP TABLE IF EXISTS `cow_form_tem`;
CREATE TABLE `cow_form_tem` (
  `id` int(11) unsigned NOT NULL AUTO_INCREMENT,
  `name` varchar(255) DEFAULT NULL COMMENT '配置方案名称',
  `describe` varchar(255) DEFAULT NULL COMMENT '方案描述',
  `table` varchar(255) DEFAULT NULL COMMENT '表单所属数据包',
  PRIMARY KEY (`id`)
) ENGINE=MyISAM AUTO_INCREMENT=13 DEFAULT CHARSET=utf8;

--
-- 转存表中的数据 cow_form_tem
--

INSERT INTO `cow_form_tem` VALUES('12','myuser','会员中心资料修改表单','user');
--
-- 表的结构cow_games
--

DROP TABLE IF EXISTS `cow_games`;
CREATE TABLE `cow_games` (
  `id` int(11) unsigned NOT NULL AUTO_INCREMENT,
  `name` varchar(255) DEFAULT NULL COMMENT '游戏名称',
  `status` tinyint(1) unsigned DEFAULT '0' COMMENT '游戏状态0关闭1开启',
  `sign` varchar(50) DEFAULT NULL COMMENT '标识',
  `class_id` int(11) unsigned DEFAULT NULL COMMENT '游戏分类id',
  `img` varchar(255) DEFAULT NULL COMMENT '游戏图片',
  PRIMARY KEY (`id`)
) ENGINE=MyISAM AUTO_INCREMENT=7 DEFAULT CHARSET=utf8;

--
-- 转存表中的数据 cow_games
--

INSERT INTO `cow_games` VALUES('1','推锅','0','Pushpot','6','/upload/admin/1/1497595617_1790153269.png');
INSERT INTO `cow_games` VALUES('5','斗地主','0','Against','1','/upload/admin/1/1497425310_1047927252.png');
INSERT INTO `cow_games` VALUES('6','明花麻将','1','Minghua','6','/upload/admin/1/1497425310_1047927252.png');
--
-- 表的结构cow_games_class
--

DROP TABLE IF EXISTS `cow_games_class`;
CREATE TABLE `cow_games_class` (
  `id` int(11) unsigned NOT NULL AUTO_INCREMENT,
  `name` varchar(255) DEFAULT NULL COMMENT '分类名称',
  `parent_id` int(11) unsigned DEFAULT '0' COMMENT '上级分类',
  `sort` int(11) unsigned DEFAULT NULL COMMENT '排序',
  PRIMARY KEY (`id`)
) ENGINE=MyISAM AUTO_INCREMENT=7 DEFAULT CHARSET=utf8;

--
-- 转存表中的数据 cow_games_class
--

INSERT INTO `cow_games_class` VALUES('1','棋牌','0','0');
INSERT INTO `cow_games_class` VALUES('6','麻将','0','0');
--
-- 表的结构cow_games_notice
--

DROP TABLE IF EXISTS `cow_games_notice`;
CREATE TABLE `cow_games_notice` (
  `id` int(11) unsigned NOT NULL AUTO_INCREMENT,
  `title` varchar(255) NOT NULL DEFAULT '0' COMMENT '请输入文字标题',
  `class_id` int(10) unsigned DEFAULT '0' COMMENT '分类',
  `show_property` varchar(255) DEFAULT '0' COMMENT '显示属性',
  `description` text COMMENT '内容简短说明',
  `content` text COMMENT '请输入内容',
  `addtime` int(11) DEFAULT '0' COMMENT '添加日期',
  `thumb` varchar(255) DEFAULT '0' COMMENT '缩略图',
  `autho_id` int(10) unsigned NOT NULL DEFAULT '0' COMMENT '发布者ID',
  `autho_admin` varchar(255) DEFAULT '0' COMMENT '发布者身份',
  `price` float(15,2) DEFAULT '0.00' COMMENT '浏览价格',
  `verify` tinyint(11) unsigned DEFAULT '0' COMMENT '审核',
  PRIMARY KEY (`id`)
) ENGINE=MyISAM AUTO_INCREMENT=4 DEFAULT CHARSET=utf8;

--
-- 转存表中的数据 cow_games_notice
--

INSERT INTO `cow_games_notice` VALUES('3','游戏首页公告','205','0','','<p>本游戏仅供娱乐,禁止赌博,一经发现不正当行为立即封号。</p>\r\n','1497345688','','1','admin','0.00','99');
--
-- 表的结构cow_games_num_record
--

DROP TABLE IF EXISTS `cow_games_num_record`;
CREATE TABLE `cow_games_num_record` (
  `id` int(11) unsigned NOT NULL AUTO_INCREMENT,
  `room_id` int(11) unsigned DEFAULT '0' COMMENT '房间id',
  `user_id` int(11) unsigned DEFAULT '0' COMMENT '玩家ID',
  `success_num` int(11) unsigned DEFAULT '0' COMMENT '胜利局数',
  `point` int(11) DEFAULT '1' COMMENT '积分',
  `fail_num` int(11) unsigned DEFAULT '0' COMMENT '失败局数',
  `addtime` int(11) unsigned DEFAULT '0' COMMENT '添加时间',
  `accumulator_num` int(11) unsigned DEFAULT '0' COMMENT '最高连胜局数',
  `sign` varchar(255) DEFAULT NULL COMMENT '标识',
  `nickname` varchar(255) DEFAULT NULL COMMENT '昵称',
  `headpath` varchar(255) DEFAULT NULL COMMENT '头像',
  `position` tinyint(3) unsigned DEFAULT '0' COMMENT '用户位置',
  PRIMARY KEY (`id`)
) ENGINE=MyISAM AUTO_INCREMENT=520 DEFAULT CHARSET=utf8;

--
-- 转存表中的数据 cow_games_num_record
--

--
-- 表的结构cow_games_room
--

DROP TABLE IF EXISTS `cow_games_room`;
CREATE TABLE `cow_games_room` (
  `id` int(11) unsigned NOT NULL AUTO_INCREMENT,
  `game_num` int(11) unsigned DEFAULT NULL COMMENT '局数',
  `addtime` int(11) unsigned DEFAULT NULL COMMENT '创建时间',
  `people_num` int(11) DEFAULT '4' COMMENT '人数',
  `sign` varchar(50) DEFAULT NULL COMMENT '标识',
  `start_uid` int(11) unsigned DEFAULT '0' COMMENT '开房人的ID',
  `room_sn` varchar(255) DEFAULT '0' COMMENT '房间号',
  `payment_method` int(11) unsigned DEFAULT '0' COMMENT '0房主付费,1房间所有人扣费,2赢家付费',
  `multiple_upper` int(11) DEFAULT '0' COMMENT '炸弹最多上限',
  `game_type` tinyint(3) unsigned DEFAULT NULL COMMENT '游戏类型',
  `game_status` tinyint(3) unsigned DEFAULT '0' COMMENT '房间状态',
  PRIMARY KEY (`id`)
) ENGINE=MyISAM AUTO_INCREMENT=1774 DEFAULT CHARSET=utf8;

--
-- 转存表中的数据 cow_games_room
--

INSERT INTO `cow_games_room` VALUES('1773','4','1507538537','4','Minghua','228','645059','0','0','1','0');
--
-- 表的结构cow_games_room_user
--

DROP TABLE IF EXISTS `cow_games_room_user`;
CREATE TABLE `cow_games_room_user` (
  `id` int(11) unsigned NOT NULL AUTO_INCREMENT,
  `userid` int(11) unsigned DEFAULT '0' COMMENT '用户id',
  `roomid` int(11) unsigned DEFAULT '0' COMMENT '房间id',
  `nickname` varchar(255) DEFAULT NULL COMMENT '用户名昵称',
  `headpath` varchar(255) DEFAULT NULL COMMENT '用户头像',
  `point` int(11) unsigned DEFAULT NULL COMMENT '用户积分',
  `position` smallint(255) unsigned DEFAULT '0' COMMENT '用户位置',
  PRIMARY KEY (`id`)
) ENGINE=MyISAM AUTO_INCREMENT=1321 DEFAULT CHARSET=utf8;

--
-- 转存表中的数据 cow_games_room_user
--

INSERT INTO `cow_games_room_user` VALUES('1320','228','1773','醉','http://wx.qlogo.cn/mmopen/vi_32/DYAIOgq83er4iahmt7G3pY5AMXqVDNESEMJ2d5KRXdo5Xs9DibE7Mkv8NquuibCbmDBco2ZzaMRMCFQoXtib6dveUA/0','0','1');
--
-- 表的结构cow_good_buy
--

DROP TABLE IF EXISTS `cow_good_buy`;
CREATE TABLE `cow_good_buy` (
  `id` int(11) unsigned NOT NULL AUTO_INCREMENT,
  `title` varchar(255) NOT NULL DEFAULT '0' COMMENT '请输入文字标题',
  `class_id` int(10) unsigned DEFAULT '0' COMMENT '分类',
  `show_property` varchar(255) DEFAULT '0' COMMENT '显示属性',
  `description` text NOT NULL COMMENT '内容简短说明',
  `content` text COMMENT '请输入内容',
  `addtime` int(11) DEFAULT '0' COMMENT '添加日期',
  `thumb` varchar(255) DEFAULT '0' COMMENT '缩略图',
  `autho_id` int(10) unsigned NOT NULL DEFAULT '0' COMMENT '发布者ID',
  `autho_admin` varchar(255) DEFAULT '0' COMMENT '发布者身份',
  `price` float(15,2) DEFAULT '0.00' COMMENT '浏览价格',
  `verify` tinyint(11) unsigned DEFAULT '0' COMMENT '审核',
  PRIMARY KEY (`id`)
) ENGINE=MyISAM AUTO_INCREMENT=4 DEFAULT CHARSET=utf8;

--
-- 转存表中的数据 cow_good_buy
--

INSERT INTO `cow_good_buy` VALUES('3','11111111111','202','1,2','','','1482288561','','1','admin','0.00','0');
--
-- 表的结构cow_goods
--

DROP TABLE IF EXISTS `cow_goods`;
CREATE TABLE `cow_goods` (
  `id` int(11) unsigned NOT NULL AUTO_INCREMENT,
  `title` varchar(255) NOT NULL DEFAULT '0' COMMENT '名称',
  `class_id` int(10) unsigned DEFAULT '0' COMMENT '分类',
  `show_property` varchar(255) DEFAULT '0' COMMENT '显示属性',
  `price` float(15,2) DEFAULT '0.00' COMMENT '请输入商品价格',
  `market_price` float(15,2) unsigned DEFAULT '0.00' COMMENT '市场售价',
  `separate_num` float(15,2) unsigned DEFAULT '0.00' COMMENT '分成金额',
  `promote_point` int(10) unsigned DEFAULT '0' COMMENT '升级积分',
  `separate_scale` varchar(255) DEFAULT '' COMMENT '分成比例',
  `pictures` text COMMENT '商品图集',
  `content` text NOT NULL COMMENT '商品介绍',
  `addtime` int(11) DEFAULT '0' COMMENT '添加日期',
  `thumb` varchar(255) DEFAULT '0' COMMENT '缩略图',
  `autho_id` int(10) unsigned NOT NULL DEFAULT '0' COMMENT '发布人ID',
  `autho_admin` varchar(255) NOT NULL DEFAULT '0' COMMENT '用户类型',
  `verify` tinyint(11) unsigned DEFAULT '0' COMMENT '审核',
  `inventory` int(11) unsigned NOT NULL DEFAULT '0' COMMENT '库存',
  PRIMARY KEY (`id`)
) ENGINE=MyISAM AUTO_INCREMENT=5 DEFAULT CHARSET=utf8;

--
-- 转存表中的数据 cow_goods
--

INSERT INTO `cow_goods` VALUES('3','我的','201','2,3,6','1.00','0.00','0.00','0','','','','1482227904','/upload/user/1/1478079026_1936085351.png','1','admin','99','0');
INSERT INTO `cow_goods` VALUES('4','123','201','1,2,3','0.10','0.00','0.00','0','','','','1484098920','/upload/admin/1/1479353424_177122.jpg','1','admin','99','0');
--
-- 表的结构cow_goods_inventory
--

DROP TABLE IF EXISTS `cow_goods_inventory`;
CREATE TABLE `cow_goods_inventory` (
  `id` int(11) unsigned NOT NULL AUTO_INCREMENT,
  `goods_id` int(11) unsigned DEFAULT '0' COMMENT '产品ID',
  `shop_id` int(11) unsigned DEFAULT '0' COMMENT '店铺ID',
  `inventory` int(11) DEFAULT '0' COMMENT '入库数量',
  `addtime` int(11) unsigned DEFAULT '0' COMMENT '添加日期',
  `operation_user` varchar(50) DEFAULT NULL COMMENT '操作用户',
  `operation_admin` varchar(50) DEFAULT NULL COMMENT '操作会员店角色',
  `model_id` int(11) unsigned DEFAULT '0' COMMENT '产品模型ID',
  PRIMARY KEY (`id`)
) ENGINE=MyISAM AUTO_INCREMENT=9 DEFAULT CHARSET=utf8;

--
-- 转存表中的数据 cow_goods_inventory
--

INSERT INTO `cow_goods_inventory` VALUES('4','3','17','100','1480303548','admin','admin','0');
INSERT INTO `cow_goods_inventory` VALUES('5','3','17','100','1480303594','admin','admin','0');
INSERT INTO `cow_goods_inventory` VALUES('6','3','17','50','1480314242','admin','admin','67');
INSERT INTO `cow_goods_inventory` VALUES('7','3','17','-1','1480317168','admin','admin','0');
INSERT INTO `cow_goods_inventory` VALUES('8','3','17','10','1480317295','admin','admin','0');
--
-- 表的结构cow_goods_property
--

DROP TABLE IF EXISTS `cow_goods_property`;
CREATE TABLE `cow_goods_property` (
  `id` int(11) unsigned NOT NULL AUTO_INCREMENT,
  `goods_id` int(11) unsigned DEFAULT '0' COMMENT '产品ID',
  `shop_id` int(11) unsigned DEFAULT '0' COMMENT '店铺ID',
  `price` decimal(11,2) unsigned DEFAULT '0.00' COMMENT '产品价格',
  `inventory` int(11) unsigned DEFAULT '0' COMMENT '库存',
  `model_id` int(11) unsigned DEFAULT '0' COMMENT '模型ID',
  `sort` int(11) unsigned DEFAULT '0' COMMENT '产品排序',
  PRIMARY KEY (`id`)
) ENGINE=MyISAM AUTO_INCREMENT=8 DEFAULT CHARSET=utf8;

--
-- 转存表中的数据 cow_goods_property
--

INSERT INTO `cow_goods_property` VALUES('1','3','17','0.00','15','55','0');
INSERT INTO `cow_goods_property` VALUES('5','3','17','20.00','0','67','0');
